timestamp,vibration_level,temperature_C,pressure_PSI,flow_rate_m3h,failure
2024-01-01 00:00:00,0.5496714153011233,76.99677718293,93.24821725025619,40.46096221061305,0
2024-01-01 01:00:00,0.4861735698828815,74.62316841456385,98.55481329284483,45.698074946102494,0
2024-01-01 02:00:00,0.5647688538100692,70.29815184960087,92.07580079000039,47.93197233289178,0
2024-01-01 03:00:00,0.6523029856408026,66.76531611147213,96.9203847036096,59.43843828670095,0
2024-01-01 04:00:00,0.4765846625276664,73.49111656806795,81.06385333046214,52.78276562266879,0
2024-01-01 05:00:00,0.4765863043050819,71.96742692710875,102.13293707372938,43.32259215450054,0
2024-01-01 06:00:00,0.6579212815507391,74.47596610013866,100.01205475362224,52.43018144708819,0
2024-01-01 07:00:00,0.5767434729152909,73.17585900840984,91.82911368931809,42.26348005530817,0
2024-01-01 08:00:00,0.4530525614065048,75.24776357659667,106.59245668432405,55.41345526943537,0
2024-01-01 09:00:00,0.5542560043585965,67.32382394219717,109.37570137626558,47.64437674091061,0
2024-01-01 10:00:00,0.4536582307187538,76.58697032817163,83.92440135631026,49.531819056304144,0
2024-01-01 11:00:00,0.4534270246429743,70.987998023462,92.37275221433785,56.62898323771095,0
2024-01-01 12:00:00,0.5241962271566034,80.37630436312632,92.30857650212701,43.56418215707875,0
2024-01-01 13:00:00,0.3086719755342202,66.55406090955216,90.60096898891135,43.014409074435044,0
2024-01-01 14:00:00,0.3275082167486967,78.67981901582624,108.29474841931749,47.08200336826997,0
2024-01-01 15:00:00,0.4437712470759027,70.98955391731324,98.06173861227197,55.191894255096585,0
2024-01-01 16:00:00,0.39871688796655763,66.74290998192775,97.35485158689389,42.40326962261579,0
2024-01-01 17:00:00,0.5314247332595274,67.58057082972839,79.96137635593246,35.839222009447155,1
2024-01-01 18:00:00,0.4091975924478789,68.3982634590284,106.35418030209226,47.744205707955004,0
2024-01-01 19:00:00,0.3587696298664709,72.12082973200958,87.60741605146528,52.758703999554605,0
2024-01-01 20:00:00,0.6465648768921555,72.6141774401775,100.59932630266329,56.00130874869414,0
2024-01-01 21:00:00,0.47742236995134646,67.13149998030711,102.77376937958192,47.68419318957301,0
2024-01-01 22:00:00,0.5067528204687923,69.87822703869509,113.60658595838652,47.94286696441999,0
2024-01-01 23:00:00,0.3575251813786543,80.71135179305932,86.91179600880888,55.769503671278734,0
2024-01-02 00:00:00,0.44556172754748175,78.63771585050355,69.80487844179174,40.6512915015229,0
2024-01-02 01:00:00,0.5110922589709866,72.18161834837016,101.83849544753694,48.05739612408495,0
2024-01-02 02:00:00,0.3849006422577697,70.190017390841,118.00511181510853,50.952119449625286,0
2024-01-02 03:00:00,0.5375698018345672,70.60015663359131,112.38946352939438,52.24609360642517,0
2024-01-02 04:00:00,0.4399361310081195,73.06758986365209,102.09659415274626,47.450966534045584,0
2024-01-02 05:00:00,0.4708306250206723,64.88603717400797,95.08363814367952,50.17220505852921,0
2024-01-02 06:00:00,0.4398293387770603,68.71311731288327,108.0712259663731,37.55836323293505,1
2024-01-02 07:00:00,0.6852278184508938,61.65707963061205,90.26453800295532,46.708757938330756,0
2024-01-02 08:00:00,0.4986502775262066,71.99611561302639,104.7635776935622,52.26754356277234,0
2024-01-02 09:00:00,0.39422890710440994,73.2359796985137,105.05470159166627,45.0885298287266,0
2024-01-02 10:00:00,0.5822544912103189,67.58406768850313,110.6020990749888,50.294921107947985,0
2024-01-02 11:00:00,0.37791563500289777,77.86993381645016,127.59660038911078,52.23436250401349,1
2024-01-02 12:00:00,0.5208863595004756,63.8711716849883,103.92415967178766,48.287253995711175,0
2024-01-02 13:00:00,0.30403298761202247,62.6781255989509,94.91036374292501,50.852318854982855,0
2024-01-02 14:00:00,0.3671813951101569,71.12225909279987,99.74425687808005,45.18633717357694,0
2024-01-02 15:00:00,0.5196861235869124,75.23549151306077,82.30924095110882,48.966943601519766,0
2024-01-02 16:00:00,0.573846657999541,78.41963845728934,93.05286868910942,53.05108084794611,0
2024-01-02 17:00:00,0.5171368281189971,67.7055786856553,95.90717561886896,50.78486480484217,0
2024-01-02 18:00:00,0.48843517176117596,75.39340416715648,94.75911602065408,47.06734365218032,0
2024-01-02 19:00:00,0.4698896304410711,69.80745765249647,101.52354872033722,51.121082021453965,0
2024-01-02 20:00:00,0.35214780096325726,69.1368635002959,91.775800676178,53.57304895318309,0
2024-01-02 21:00:00,0.4280155791605291,74.41829968743336,111.21030667324472,39.75029360711261,1
2024-01-02 22:00:00,0.45393612290402124,73.2616143920671,100.00207064918197,55.79537032477949,0
2024-01-02 23:00:00,0.6057122226218916,62.11803921507875,99.90699678861385,48.31872630659464,0
2024-01-03 00:00:00,0.5343618289568461,77.38270174862947,96.72105283487082,52.12744966620115,0
2024-01-03 01:00:00,0.3236959844637266,76.90045677073726,101.55190683858979,55.98623461822614,0
2024-01-03 02:00:00,0.5324083969394795,66.87218649245236,108.25098264667635,43.14163151384767,0
2024-01-03 03:00:00,0.4614917719583683,71.97901766718705,91.32869784289099,46.45279498786227,0
2024-01-03 04:00:00,0.4323077999694041,72.4701509314137,93.41883510924744,48.55725652062148,0
2024-01-03 05:00:00,0.5611676288840868,71.30336882911953,96.96273971223336,46.08123239437786,0
2024-01-03 06:00:00,0.6030999522495951,67.2484742307729,86.54129076526785,58.67468287918404,0
2024-01-03 07:00:00,0.5931280119116199,66.64188316030975,91.80742140278502,45.71613953086604,0
2024-01-03 08:00:00,0.41607824767773616,69.87222964504278,95.23779126455341,47.22226610256567,0
2024-01-03 09:00:00,0.46907876241487856,75.86364509629682,108.74389180712727,51.02194515801489,0
2024-01-03 10:00:00,0.5331263431403563,72.71800077297216,102.62561329001925,43.98925236961956,0
2024-01-03 11:00:00,0.5975545127122359,68.14692833956947,101.93589911367545,48.02159644121868,0
2024-01-03 12:00:00,0.452082576215471,73.85849355324173,108.50897962167971,51.587266306250875,0
2024-01-03 13:00:00,0.4814341023336183,55.75728689684962,98.62628211600604,48.335697978087445,0
2024-01-03 14:00:00,0.3893665025993972,75.74382850186052,103.9046484992889,49.533065705500256,0
2024-01-03 15:00:00,0.38037933759193293,61.301431106109504,98.96778247067503,47.353339437758144,0
2024-01-03 16:00:00,0.5812525822394198,68.18779529298433,102.65362349399628,42.427648454096165,0
2024-01-03 17:00:00,0.6356240028570823,64.40165052686928,94.17241342388418,51.60796605669619,0
2024-01-03 18:00:00,0.49279898784196663,63.52659262139547,75.61182841723571,58.774665358236206,0
2024-01-03 19:00:00,0.6003532897892024,75.8041339368926,98.65720837813696,50.09200815391719,0
2024-01-03 20:00:00,0.5361636025047634,67.66149399344054,114.2274813609994,51.126320586237746,0
2024-01-03 21:00:00,0.43548802453948754,71.73251940865357,109.26215402241593,53.4636137755843,0
2024-01-03 22:00:00,0.5361395605508414,69.76539710560408,109.6539748459117,43.6533475172665,0
2024-01-03 23:00:00,0.6538036566465969,72.3852041361156,112.36130721806218,58.51257329064803,0
2024-01-04 00:00:00,0.49641739608900487,70.38410945530127,100.88657590961438,51.01164398211401,0
2024-01-04 01:00:00,0.6564643655814006,63.58503887905715,101.97315707405596,58.15928449544555,0
2024-01-04 02:00:00,0.23802548959102554,74.9813340972357,93.8234810456565,46.334835022380055,0
2024-01-04 03:00:00,0.5821902504375224,67.53121708419344,96.8392714397295,59.09030961278913,0
2024-01-04 04:00:00,0.5087047068238171,62.21709050670125,106.15771149771142,53.875777470173915,0
2024-01-04 05:00:00,0.47009926495341325,67.85942419517043,112.03884437168816,52.76520042926179,0
2024-01-04 06:00:00,0.5091760776535502,77.50379895317155,98.60553724319,51.17012227176574,0
2024-01-04 07:00:00,0.3012431085399107,74.25110871056746,95.49810735148588,48.75735690962775,0
2024-01-04 08:00:00,0.4780328112162488,68.2567393279607,100.00527958856597,56.00265829236936,0
2024-01-04 09:00:00,0.5357112571511746,68.25371147840785,106.01206748929116,50.70179934924023,0
2024-01-04 10:00:00,0.6477894044741517,68.39182474391309,85.56145183866458,40.16465148206424,0
2024-01-04 11:00:00,0.44817297817263524,80.3837399178042,77.03819046862762,44.414067691464986,0
2024-01-04 12:00:00,0.4191506397106812,71.90967726115777,94.49463150508416,49.07077123903626,0
2024-01-04 13:00:00,0.44982429564154636,72.15020823595535,87.79287574085842,51.549994915827774,0
2024-01-04 14:00:00,0.5915402117702074,75.15141727015921,94.9185980235269,49.717057555500524,0
2024-01-04 15:00:00,0.5328751109659684,71.19394579513256,98.52219681182528,56.094853948968314,0
2024-01-04 16:00:00,0.4470239796232961,68.70478927089648,95.46751590976987,40.24449067980687,0
2024-01-04 17:00:00,0.5513267433113356,69.0182507545751,114.52467534470745,50.7179396825258,0
2024-01-04 18:00:00,0.509707754934804,69.64199370292968,103.2674476460232,40.91010387306423,0
2024-01-04 19:00:00,0.596864499053289,69.81388881745079,103.00474359610828,53.79856147742084,0
2024-01-04 20:00:00,0.4297946906122648,73.6381477181849,106.22207144043402,49.52770642778999,0
2024-01-04 21:00:00,0.4672337853402232,70.2597294290365,88.61166882219231,52.09804986012059,0
2024-01-04 22:00:00,0.4607891846867842,73.66320038607789,110.39111787420269,45.68058519705117,0
2024-01-04 23:00:00,0.35364850518678814,69.59641709945708,99.2423571346454,56.39732465828875,0
2024-01-05 00:00:00,0.5296120277064577,70.39317595158045,106.70480617241212,55.20862332029426,0
2024-01-05 01:00:00,0.526105527217989,60.00899657733946,89.28142766959844,52.91772151505944,0
2024-01-05 02:00:00,0.500511345664246,74.5816383735124,84.46241233983936,49.3524137656828,0
2024-01-05 03:00:00,0.4765412866624853,71.73244237948997,108.17889658025028,52.89928642647566,0
2024-01-05 04:00:00,0.35846292579495853,74.99005054929826,103.76409526097517,46.465537160063256,0
2024-01-05 05:00:00,0.4579354677234641,55.518723109031555,90.9794844564249,54.27777829510356,0
2024-01-05 06:00:00,0.465728548347323,80.44187352390364,91.30336918725305,58.2474044716196,0
2024-01-05 07:00:00,0.4197722730778381,69.30205185922414,111.2543478441477,55.353052799895934,0
2024-01-05 08:00:00,0.48387142883339906,75.54091408368758,88.10588107132672,46.351987650962954,0
2024-01-05 09:00:00,0.5404050856814538,64.80047036437234,116.42672953255963,51.807086586365514,0
2024-01-05 10:00:00,0.6886185901210531,73.06386952531285,90.99379265352131,43.53429228120676,0
2024-01-05 11:00:00,0.5174577812831839,64.73292218413172,106.38391925608383,52.86195155587838,0
2024-01-05 12:00:00,0.5257550390722764,66.88115519652098,96.71381524251015,52.253017064312694,0
2024-01-05 13:00:00,0.4925554084233833,79.57015676933393,106.03187431082343,40.65091830233918,0
2024-01-05 14:00:00,0.30812287847009584,69.04658799618326,94.55885997885807,44.191080780438185,0
2024-01-05 15:00:00,0.49734861245507833,71.08716436589862,98.37207093927705,48.58430551628116,0
2024-01-05 16:00:00,0.5060230209941027,74.35033865344377,100.40919175395722,48.49570126429587,0
2024-01-05 17:00:00,0.7463242112485287,72.47840943986303,89.97812544218527,43.95261532290597,0
2024-01-05 18:00:00,0.48076390352188775,70.75209452571788,107.40824345420125,51.94489364676092,0
2024-01-05 19:00:00,0.5301547342333612,71.82480501233113,94.86786433528415,51.25736804470256,0
2024-01-05 20:00:00,0.49652882302947565,82.01707792619138,97.71400084659982,49.0286543401074,0
2024-01-05 21:00:00,0.3831321962380468,69.71190601483207,90.05650625391488,46.22104249920819,0
2024-01-05 22:00:00,0.6142822814515021,71.00549523357483,74.3766634120469,55.24353563208282,0
2024-01-05 23:00:00,0.5751933032686775,75.25327198003806,98.08972237399831,58.27703556544148,0
2024-01-06 00:00:00,0.5791031947043047,75.52762966478991,124.12615421612915,47.58219258076731,1
2024-01-06 01:00:00,0.4090612545205261,75.9351515278019,107.84604287898024,46.9391654142259,0
2024-01-06 02:00:00,0.64027943109361,73.19365111014592,99.80739620265605,52.45603832705998,0
2024-01-06 03:00:00,0.3598148937207719,64.28497543634758,97.37109170791733,48.20985310126507,0
2024-01-06 04:00:00,0.558685709380027,78.16715766150548,100.22465892812046,49.30301399668383,0
2024-01-06 05:00:00,0.7190455625809978,64.26827303490656,105.4711911517521,53.69826575862336,0
2024-01-06 06:00:00,0.40094636748693113,71.51317732619516,88.19187184691155,40.45321956246354,0
2024-01-06 07:00:00,0.4433702270397228,66.22862074990321,111.14321694668872,56.59151162426335,0
2024-01-06 08:00:00,0.5099651365087641,69.67930826703504,107.15381315441245,50.363402621646706,0
2024-01-06 09:00:00,0.44965243458838006,71.6438120515174,107.18185725707934,47.9425342771891,0
2024-01-06 10:00:00,0.34493365689338673,71.60678607725137,104.38475738809727,49.55382922889275,0
2024-01-06 11:00:00,0.5068562974806027,72.10960377117642,100.1961665769399,49.81214677510259,0
2024-01-06 12:00:00,0.3937696286273895,78.06855634529323,106.7286123596682,41.343993482775375,0
2024-01-06 13:00:00,0.5473592430635181,72.2676715075699,105.91814133741379,57.47469113726618,0
2024-01-06 14:00:00,0.4080575765766197,68.77921682354676,96.45959289058976,50.206628161353095,0
2024-01-06 15:00:00,0.6549934405017539,74.82043584144179,94.26398227103098,52.21501065223688,0
2024-01-06 16:00:00,0.42167467076637627,75.9473524446232,101.01856295261987,54.757748852870215,0
2024-01-06 17:00:00,0.46779384837943244,63.861960924315035,115.49020151495188,44.8941877121985,0
2024-01-06 18:00:00,0.581351721736967,72.98700034924929,87.60892924346099,52.367359495176146,0
2024-01-06 19:00:00,0.3769135683566045,73.5058637115545,85.3247473424756,48.661794545506034,0
2024-01-06 20:00:00,0.522745993460413,68.51218248320004,101.64760841236517,54.23385387608247,0
2024-01-06 21:00:00,0.6307142754282429,76.8785340665581,100.50887701856018,39.36386289824252,1
2024-01-06 22:00:00,0.3392516765438772,69.24972206483737,101.73341664370409,49.504528498793654,0
2024-01-06 23:00:00,0.5184633858532304,70.6278822673577,102.439531979085,46.985896721080195,0
2024-01-07 00:00:00,0.5259882794248424,69.13464087858065,97.76797745365195,52.16131475317078,0
2024-01-07 01:00:00,0.578182287177731,70.07789523790734,114.89863438602082,52.35022093684101,0
2024-01-07 02:00:00,0.3763049289121918,64.518624565524,83.99096021523485,46.46187052588987,0
2024-01-07 03:00:00,0.36795433869157235,62.799745587028525,91.71502975219754,46.439130679119785,0
2024-01-07 04:00:00,0.5521941565616898,77.97252531612486,98.96745239850952,49.446673157213354,0
2024-01-07 05:00:00,0.5296984673233186,65.76519325840836,83.56811188845833,45.51678886342396,0
2024-01-07 06:00:00,0.5250492850345877,65.04303825271846,98.24145595567929,54.209918477260636,0
2024-01-07 07:00:00,0.5346448209496976,59.23304943198143,116.61470165728018,48.15396399776277,0
2024-01-07 08:00:00,0.4319975278421509,66.8051912615525,100.20886488295962,35.46505890339179,1
2024-01-07 09:00:00,0.5232253697161003,63.384551032962506,102.30700905718683,48.12588971689097,0
2024-01-07 10:00:00,0.5293072473298681,78.21007580068185,87.3983523482742,44.80728089578014,0
2024-01-07 11:00:00,0.42856485819736323,75.04908544671318,93.83638591960522,41.84362092269527,0
2024-01-07 12:00:00,0.6865774511144757,66.55924827411138,96.24803619676064,43.81286680888714,0
2024-01-07 13:00:00,0.5473832920911788,81.26217902672154,96.82284903243766,50.54704235916485,0
2024-01-07 14:00:00,0.38086965027973513,74.90882743495797,112.81643795003768,56.643204141241156,0
2024-01-07 15:00:00,0.565655360863383,68.37584308245688,105.57691060725125,51.5659223693249,0
2024-01-07 16:00:00,0.40253183297726786,57.50297142563213,88.88542043062968,46.9674830589213,0
2024-01-07 17:00:00,0.5787084603742452,81.45471286295371,102.46504778432005,52.279520975853515,0
2024-01-07 18:00:00,0.6158595579007404,63.05213766618202,104.98221748496785,47.704548448905044,0
2024-01-07 19:00:00,0.41793176816482897,61.77300626521554,111.40149038521267,46.52699815418428,0
2024-01-07 20:00:00,0.5963376129244322,75.1128521600482,115.80540686568374,44.22818665883508,0
2024-01-07 21:00:00,0.5412780926936498,82.19876203169636,89.84905808172131,41.240855966241405,0
2024-01-07 22:00:00,0.582206015999449,76.9213640925526,91.89142488789662,48.050381467202776,0
2024-01-07 23:00:00,0.6896792982653948,72.8195456002618,87.42422141085383,50.79026744960066,0
2024-01-08 00:00:00,0.47546118839971296,72.97377170832642,97.65980140893019,49.51688164992555,0
2024-01-08 01:00:00,0.42462638356425103,74.26707779390154,104.66358374446335,47.920165360263205,0
2024-01-08 02:00:00,0.4110485570374477,73.79464294893383,109.87334516589102,45.27126969651609,0
2024-01-08 03:00:00,0.4184189715034562,71.40595711984687,99.24048976357477,53.04123095842484,0
2024-01-08 04:00:00,0.4922898290585896,70.52100551975938,96.80152476745155,43.41434040026708,0
2024-01-08 05:00:00,0.5341151974816644,69.6870343605024,101.5175799224874,53.88013956921738,0
2024-01-08 06:00:00,0.5276690799330019,66.23017705566662,91.64857098369977,44.98891490536638,0
2024-01-08 07:00:00,0.5827183249036024,68.59662461566613,120.89538721694774,46.237823813234826,1
2024-01-08 08:00:00,0.5013001891877907,61.535215929023074,83.92338972881942,42.666074046921615,0
2024-01-08 09:00:00,0.6453534077157317,69.50830186602624,101.84740578895725,47.492989265571815,0
2024-01-08 10:00:00,0.4735343166762044,65.05704446424541,120.2360621922964,54.87656229238989,1
2024-01-08 11:00:00,0.7720169166589619,64.48205341392115,100.06799844559998,52.578140442219784,0
2024-01-08 12:00:00,0.5625667347765007,70.8994707557674,98.09960964998506,54.892110560140175,0
2024-01-08 13:00:00,0.41428424435837174,76.96001143172299,96.42554577189573,52.61071272966968,0
2024-01-08 14:00:00,0.39291075019388877,74.59158303001156,98.19608318237592,44.48165085734816,0
2024-01-08 15:00:00,0.5482472415243185,62.14749698188412,113.7284847467653,48.34605387836221,0
2024-01-08 16:00:00,0.4776537214674149,65.05185931714831,77.88138088670493,46.099004354412685,0
2024-01-08 17:00:00,0.5714000494092092,74.70385593994108,115.33433701296326,56.6528745201952,0
2024-01-08 18:00:00,0.5473237624573545,65.08756303230845,85.76042847549854,44.01605676786844,0
2024-01-08 19:00:00,0.49271710873431274,68.87683425001488,97.33347670765585,54.46848844694556,0
2024-01-08 20:00:00,0.4153206281931595,72.75026049512276,95.70755579701338,54.46476935054385,0
2024-01-08 21:00:00,0.34851527753141354,65.15827772568183,105.88553269770719,59.14810100858044,0
2024-01-08 22:00:00,0.4553485047932979,70.5268775307298,84.01875648116253,47.951567036852516,0
2024-01-08 23:00:00,0.5856398794323472,63.32987252540898,104.62172666081943,53.56161079790081,0
2024-01-09 00:00:00,0.5214093744130204,66.99316178024394,120.24309623286852,61.40825918269421,1
2024-01-09 01:00:00,0.3754261221288012,71.59890967071269,86.3682599540719,46.911791615331516,0
2024-01-09 02:00:00,0.5173180925851182,62.03503133234165,101.89706167610396,42.324798762338204,0
2024-01-09 03:00:00,0.5385317379728837,72.20237368980199,93.3801782220339,40.599949830461185,0
2024-01-09 04:00:00,0.4116142563798867,69.9018110053666,104.25887206193036,53.563560144306656,0
2024-01-09 05:00:00,0.5153725105945528,72.76244977208574,100.19147777415752,40.58424895970708,0
2024-01-09 06:00:00,0.5058208718446,71.11957067032331,93.58513090955691,48.13840473531039,0
2024-01-09 07:00:00,0.38570297021693767,76.82070214986922,104.87872284871074,52.18656593519481,0
2024-01-09 08:00:00,0.5357787360348283,70.62612251323954,118.04348109786743,50.92587768414957,0
2024-01-09 09:00:00,0.5560784526368234,67.85297229437373,98.09096208272702,52.12722432092086,0
2024-01-09 10:00:00,0.6083051243175277,70.61148751516141,107.19757942148182,51.11144927900427,0
2024-01-09 11:00:00,0.6053802052034903,72.71649014518194,87.06727042128836,56.39432906656697,0
2024-01-09 12:00:00,0.3622330632042909,70.24430035162852,90.43563623181991,45.23841809630601,0
2024-01-09 13:00:00,0.4062174960084877,70.20295845601942,104.72406277880377,46.615024307707344,0
2024-01-09 14:00:00,0.551503526720866,66.49004156096622,114.84116028535965,46.13670277364588,0
2024-01-09 15:00:00,0.5513785950912209,66.68549541224526,103.5561334878566,54.15095905931305,0
2024-01-09 16:00:00,0.5515047686306048,62.98697364100153,96.86941969476845,54.50199294197532,0
2024-01-09 17:00:00,0.8852731490654722,78.74788371593469,99.99291405423354,52.25612659659254,1
2024-01-09 18:00:00,0.5570890510693167,63.780683823043574,87.49592266030282,55.91746833444964,0
2024-01-09 19:00:00,0.6135565640180599,66.53547401102047,106.04515326355367,44.1097956631181,0
2024-01-09 20:00:00,0.5954001763493202,66.40796367215401,108.82333062323409,58.336120557755685,0
2024-01-09 21:00:00,0.5651391251305798,74.47462188472221,95.4790966716692,57.61619310856129,0
2024-01-09 22:00:00,0.46847307553596546,68.52525160853986,95.29957852240499,53.67810998622873,0
2024-01-09 23:00:00,0.5758969220493267,76.23871036336867,102.65878229652049,58.9089945438553,0
2024-01-10 00:00:00,0.4227174785462428,66.63254687878066,95.63280263959405,41.71688396161113,0
2024-01-10 01:00:00,0.4763181393259991,71.39497081111901,99.33867385374178,47.37775931868674,0
2024-01-10 02:00:00,0.45146364521708965,65.82326473370121,120.99721789166516,46.32348269659024,1
2024-01-10 03:00:00,0.5081874139386322,80.72574563886694,97.52974299254004,53.607396618786716,0
2024-01-10 04:00:00,0.7314658566673509,64.06200790485244,96.41659847978778,44.749296301989276,0
2024-01-10 05:00:00,0.31327348074082517,71.54910355113513,93.52458194364841,53.78747574668743,0
2024-01-10 06:00:00,0.5686260190374514,73.16888440466049,107.44191971499937,56.85268071998357,0
2024-01-10 07:00:00,0.33872841288103483,72.0689954872575,98.18775826781896,53.47601450042,0
2024-01-10 08:00:00,0.45280681342105666,69.07356170561145,93.50626961678574,51.41875511830751,0
2024-01-10 09:00:00,0.6088950596967366,69.35089650133287,113.21304032273012,45.06063329549625,0
2024-01-10 10:00:00,0.5064280019095463,70.21905735989554,114.19603004513637,45.765745169373176,0
2024-01-10 11:00:00,0.3922255222070694,69.26498999185756,93.99576434261294,56.248094526483335,0
2024-01-10 12:00:00,0.42846962907400316,74.81939558397455,81.33460048639384,53.89674501952666,0
2024-01-10 13:00:00,0.5679597748934676,81.05261500795676,110.07513689836922,49.80490240311228,0
2024-01-10 14:00:00,0.42696333682828636,67.21254107496082,93.15370174239996,47.91045227117055,0
2024-01-10 15:00:00,0.5216458589581975,63.15098510210461,107.90625599162769,39.870960634443115,1
2024-01-10 16:00:00,0.5045571839903814,69.55858975824373,80.29896182288164,44.64573790657781,0
2024-01-10 17:00:00,0.43483996523941826,82.8985466882716,108.92597338299309,59.55709543569861,0
2024-01-10 18:00:00,0.7143944089325326,65.98162716015135,87.8882807071922,43.597722144987664,0
2024-01-10 19:00:00,0.5633919022318011,78.19558402722033,107.30764119066525,50.9473991061054,0
2024-01-10 20:00:00,0.2974857413342393,78.3885040703822,100.14273067836434,55.03721986597599,0
2024-01-10 21:00:00,0.5186454314769428,67.23205879146003,90.46060580603356,43.72538665998854,0
2024-01-10 22:00:00,0.4338213535231612,72.84491539592638,95.9296368707322,50.923552373905416,0
2024-01-10 23:00:00,0.5852433334796224,78.14198311564269,106.86318456956701,54.689577687553275,0
2024-01-11 00:00:00,0.42074792615672996,68.10436129506256,101.05894453115235,50.062496609536254,0
2024-01-11 01:00:00,0.4885263558533101,68.98209819948819,105.84412980472484,64.34201527833385,0
2024-01-11 02:00:00,0.5504987278980458,67.09159543025677,119.76440584515485,41.65700370560902,0
2024-01-11 03:00:00,0.5865755194170121,64.92621634653567,84.35758388288949,55.2936426494194,0
2024-01-11 04:00:00,0.37997035929442236,66.75361227466996,116.17212574968624,49.135991313017676,0
2024-01-11 05:00:00,0.4665498764159052,63.880298666188715,101.04355937523214,53.85960077418338,0
2024-01-11 06:00:00,0.45250546888390436,70.17041734129613,91.01215951676872,52.20653575849623,0
2024-01-11 07:00:00,0.43466707674262883,66.15013384470679,86.6968637426101,46.334219014450014,0
2024-01-11 08:00:00,0.6765454240281097,71.16892955895374,98.10879609222967,51.144981962296704,0
2024-01-11 09:00:00,0.5404981710960955,62.22052176898186,109.2165011192446,40.710492743008565,0
2024-01-11 10:00:00,0.37391160456649547,71.65440116107229,98.72450879622465,53.01623750285697,0
2024-01-11 11:00:00,0.5917861947054777,74.16764480804463,115.11154930247348,51.490792329952626,0
2024-01-11 12:00:00,0.7122156197012633,60.03132178714272,85.48824309948441,53.19330084321551,0
2024-01-11 13:00:00,0.6032465260551148,71.87028284923787,99.87911052153946,55.29059162543575,0
2024-01-11 14:00:00,0.3480630034045986,76.13834496236646,87.47606555586881,51.83809920104856,0
2024-01-11 15:00:00,0.45157659271337486,63.951794906543974,103.63631882624968,50.74044709899138,0
2024-01-11 16:00:00,0.6266911149186623,78.36286193418852,108.868873900973,45.59465831669354,0
2024-01-11 17:00:00,0.4292330534381219,72.09509504683022,95.79238206318946,46.43889618175474,0
2024-01-11 18:00:00,0.5443819428146228,66.47494072120796,73.95786143372865,55.93367310088666,0
2024-01-11 19:00:00,0.5774634053429337,69.72115461171147,101.98948146796495,57.18167702852989,0
2024-01-11 20:00:00,0.4073069528421917,72.7916345626086,104.3673855173351,48.80944781843973,0
2024-01-11 21:00:00,0.49404746439381997,70.38002695706206,104.04294754961698,50.23001373626637,0
2024-01-11 22:00:00,0.17587326599309272,72.69377996223184,112.35782191822155,45.47692812503117,0
2024-01-11 23:00:00,0.397561235866571,65.39663203460317,89.28946320350951,55.86378422633722,0
2024-01-12 00:00:00,0.47474318486068395,70.8468041201804,106.8021610545045,53.32708411845889,0
2024-01-12 01:00:00,0.37522168180351506,62.9314275154751,111.92507512477975,59.70608718231875,0
2024-01-12 02:00:00,0.6632411303931636,69.4438696932565,82.21412415993484,45.608384614101304,0
2024-01-12 03:00:00,0.3569858622039367,65.48046179267605,103.19651825918977,48.10996050490891,0
2024-01-12 04:00:00,0.4559955513303016,66.32235028705117,94.95820168992329,51.15722961262786,0
2024-01-12 05:00:00,0.5130740577286091,76.18046587605218,99.18477326898355,53.23244768862885,0
2024-01-12 06:00:00,0.6441273289066116,75.45655060297135,103.47676483538336,48.92166181226184,0
2024-01-12 07:00:00,0.35641378488205605,73.04569060453588,95.12771435886448,45.6351945477315,0
2024-01-12 08:00:00,0.616316375215496,64.5384361766371,93.24291920838388,54.40703764461786,0
2024-01-12 09:00:00,0.5010233061019587,68.41795775152599,100.34152417488025,53.60567681272791,0
2024-01-12 10:00:00,0.4018491348952049,76.06548849989592,89.12754061137197,45.41862949718138,0
2024-01-12 11:00:00,0.5462103474263271,70.70858456819953,89.14174871114815,56.777214005527476,0
2024-01-12 12:00:00,0.519905969557347,81.59664769990847,106.79373282956503,55.850993545983016,0
2024-01-12 13:00:00,0.43997831228412054,71.96658919697185,88.51205964841344,50.671482486238965,0
2024-01-12 14:00:00,0.5069802084990019,70.96024558245016,106.66312500909211,50.39798931188018,0
2024-01-12 15:00:00,0.46146864031382395,68.4544176789875,104.6259129285395,52.77028885557954,0
2024-01-12 16:00:00,0.5113517345251248,70.66770452391141,82.74193271209404,45.691484648718706,0
2024-01-12 17:00:00,0.5662130674521046,69.23765081809728,93.22435347664344,50.15015739582041,0
2024-01-12 18:00:00,0.6586016816145353,73.54054338344295,111.94109403047372,39.2380822769541,1
2024-01-12 19:00:00,0.3762184501173151,74.78351158397292,90.18834468860318,54.382278227514675,0
2024-01-12 20:00:00,0.7133033374656267,66.07005269746026,95.35595737690612,42.1925338877907,0
2024-01-12 21:00:00,0.30479122004774983,63.343835232211106,104.62060893251896,57.51709914214499,0
2024-01-12 22:00:00,0.4848214904964417,60.818973134483514,107.83390509282596,48.34939953016775,0
2024-01-12 23:00:00,0.5588317206484577,72.53995663456271,97.48461113955504,48.94166509034412,0
2024-01-13 00:00:00,0.5280991867735033,64.48316696913064,94.02489805308359,46.861330469577474,0
2024-01-13 01:00:00,0.43773004801794063,59.23554703523759,114.22369861698508,48.55980563038962,0
2024-01-13 02:00:00,0.47918777496427245,71.94289302265481,117.3889966379758,57.092656725740184,0
2024-01-13 03:00:00,0.45069990653411673,82.46499758716395,109.78858050781795,37.5609567173246,1
2024-01-13 04:00:00,0.4410635243055788,69.96964544230053,100.85318142565023,56.38482693044094,0
2024-01-13 05:00:00,0.5849602097021025,74.19245387225821,91.91734278359074,51.69011740550854,0
2024-01-13 06:00:00,0.5357015485965048,70.40914679273783,91.69555593443435,43.964891760713925,0
2024-01-13 07:00:00,0.43070904047393455,69.50555173404429,105.22514105265758,44.62343803475381,0
2024-01-13 08:00:00,0.589959987543325,74.59538241493884,104.18398220888683,58.38196513604102,0
2024-01-13 09:00:00,0.5307299520876609,68.54862727905675,114.01598592946429,45.272465600286345,0
2024-01-13 10:00:00,0.581286211883896,71.33696157035952,106.50450092536138,44.233247447020204,0
2024-01-13 11:00:00,0.5629628841923612,71.60848903098007,84.96919698240183,55.68657271182364,0
2024-01-13 12:00:00,0.41710049890779277,66.65954773178476,110.51947617722918,51.69276438142957,0
2024-01-13 13:00:00,0.443981895980303,74.96021174768262,90.01939372685587,45.310372117318,0
2024-01-13 14:00:00,0.5747293605123261,69.12520121652295,96.16028728047648,51.083124877023096,0
2024-01-13 15:00:00,0.5610370265433465,66.22127420253578,102.50200206251695,44.87123658179861,0
2024-01-13 16:00:00,0.4979098406035852,72.68254921785201,119.95667489783965,55.50410699211302,0
2024-01-13 17:00:00,0.5117327383308782,65.50766009104481,131.0991855600536,55.306854824365665,1
2024-01-13 18:00:00,0.6277664895788425,70.14090578684564,106.06723059136183,52.66003099410972,0
2024-01-13 19:00:00,0.440842861116417,69.95440501677898,98.16803381279612,51.808305306235084,0
2024-01-13 20:00:00,0.5547097381170037,75.42947782915789,105.3450564848055,58.80594062433687,0
2024-01-13 21:00:00,0.4797807347566106,72.37349116439977,108.87655425873837,49.99843163694113,0
2024-01-13 22:00:00,0.478231879677278,69.87486520627428,96.79332374442808,44.090629372896,0
2024-01-13 23:00:00,0.609877685198719,74.08883149600143,117.95211355912322,52.24736956416153,0
2024-01-14 00:00:00,0.582541634898803,76.95103774508657,102.30070759191402,60.43023524768557,0
2024-01-14 01:00:00,0.5813509636000639,72.78905153175931,104.97743089091394,44.92620253407074,0
2024-01-14 02:00:00,0.6305478807154329,70.0517630992169,106.65924252054461,48.19268616653007,0
2024-01-14 03:00:00,0.502100384163276,63.4408188382492,104.21586610614456,52.08223019050726,0
2024-01-14 04:00:00,0.5681952971294963,64.67443168462313,108.38940500469613,49.7304757549713,0
2024-01-14 05:00:00,0.4689733243406544,68.47387647822666,93.82746813453076,45.08848209811343,0
2024-01-14 06:00:00,0.5324166352488442,66.95243898920359,94.4169824605397,55.60928928115236,0
2024-01-14 07:00:00,0.48698569456323154,69.06514348507277,88.99845767028305,61.6002036100863,0
2024-01-14 08:00:00,0.5096995964992718,70.28324962448553,104.39501230620226,50.980657295119535,0
2024-01-14 09:00:00,0.5595157025436913,72.64846377178365,107.78936503512114,45.47965855132,0
2024-01-14 10:00:00,0.41817793167665274,69.64750610970454,104.57772866151886,42.255197374732624,0
2024-01-14 11:00:00,0.709238727568546,72.43250821913101,116.74492433347538,51.2898799061059,0
2024-01-14 12:00:00,0.3993982618500298,70.3223720740506,99.94403981170953,55.51938671658129,0
2024-01-14 13:00:00,0.3785811387212268,60.12266716823064,106.68741655592513,52.37583873247691,0
2024-01-14 14:00:00,0.6158110873500068,65.30332303090623,89.08299123860685,49.98798079540573,0
2024-01-14 15:00:00,0.5791662693962936,69.27956222139193,96.12900297525599,47.05364174105347,0
2024-01-14 16:00:00,0.5624119817052156,63.951526285794465,106.95537757565778,44.539181836409554,0
2024-01-14 17:00:00,0.562834550926428,72.99964364998102,108.49102110743144,54.173756631624414,0
2024-01-14 18:00:00,0.49877532271530856,77.65375416171848,97.06033052335818,54.56885810692793,0
2024-01-14 19:00:00,0.41027456285141684,76.09380925848659,99.28400748141934,42.27135106654633,0
2024-01-14 20:00:00,0.5075804558193726,68.93278564534896,84.82126253319191,57.94919489090342,0
2024-01-14 21:00:00,0.4322838288487888,77.45363068424976,96.42970799193391,52.870356104470005,0
2024-01-14 22:00:00,0.5975119733417751,70.74333728601056,108.90383163519786,56.99797322572897,0
2024-01-14 23:00:00,0.48529426184978613,68.3145701444098,105.75205016106567,43.28936125757443,0
2024-01-15 00:00:00,0.4174502803207488,66.93298668229531,105.00665721381209,43.17087922292281,0
2024-01-15 01:00:00,0.46786141583470064,68.48765156755935,100.49773687180961,49.255153451163515,0
2024-01-15 02:00:00,0.5412931454275625,68.05911590729386,100.07063158628176,52.51392213447597,0
2024-01-15 03:00:00,0.44362754471960253,70.85208111187744,93.39678860526553,58.98180411463482,0
2024-01-15 04:00:00,0.41777796044335685,70.80286990524932,106.98828420202534,53.53039456907566,0
2024-01-15 05:00:00,0.5243687211491912,70.01523010076707,104.20972944389389,48.786593615939836,0
2024-01-15 06:00:00,0.5244966571108722,72.18469084873175,104.92018847992799,44.86815396167054,0
2024-01-15 07:00:00,0.44930568246288705,75.9532313739317,94.7396515733242,56.15000286359575,0
2024-01-15 08:00:00,0.45289616943816774,74.74777067720662,78.46657080128756,45.176472871246425,0
2024-01-15 09:00:00,0.5232049937357637,62.575510157750486,110.97152711753695,58.14234277386161,0
2024-01-15 10:00:00,0.35519156585026757,57.230394325490224,95.21162543991596,48.57807675196745,0
2024-01-15 11:00:00,0.3592536225623445,74.67159955619637,91.37224235956879,57.95291036308925,0
2024-01-15 12:00:00,0.4281555778747564,63.165606507922895,106.93478911913994,53.394656450296395,0
2024-01-15 13:00:00,0.47865528482881525,68.87617299053659,96.07987360080871,49.31502255278771,0
2024-01-15 14:00:00,0.5310907565598004,64.1494348697032,110.59936384046622,47.403018140869364,0
2024-01-15 15:00:00,0.6475356216949553,60.990097812099904,106.17005949576698,48.295460613269604,0
2024-01-15 16:00:00,0.585765962320202,72.70731364102394,106.83569323200477,52.14158346187619,0
2024-01-15 17:00:00,0.4840061470036573,73.79577580151323,86.34044288799466,50.38578248108858,0
2024-01-15 18:00:00,0.4980983792097311,67.11744799636641,112.11943985386401,47.03094295965647,0
2024-01-15 19:00:00,0.39974706353621914,57.04478853927545,102.61250531233856,49.171842948411836,0
2024-01-15 20:00:00,0.498148686400761,67.26877775873758,96.30722860753797,50.39288514859575,0
2024-01-15 21:00:00,0.47113413610798616,71.95902002701273,101.43388467342251,39.356329527925936,1
2024-01-15 22:00:00,0.532271856033809,62.60544215612936,82.2376476710168,52.29084057394349,0
2024-01-15 23:00:00,0.4172769056447677,70.91679959889578,104.08652811480671,45.10139387641597,0
2024-01-16 00:00:00,0.5519346514241172,69.92345075413502,89.70628491817928,44.233337983971275,0
2024-01-16 01:00:00,0.6532738913002578,72.89645749800545,86.47329714156466,41.56327826444645,0
2024-01-16 02:00:00,0.4891239851543142,70.59790184207077,84.7764081378211,41.03053751066055,0
2024-01-16 03:00:00,0.5401711722098942,65.13465529559222,111.12688374989925,43.222762484438555,0
2024-01-16 04:00:00,0.5690143991711113,75.98285750832245,93.70736606307212,46.45489521184755,0
2024-01-16 05:00:00,0.45987795281141636,69.20735213486515,115.337277099165,59.76629568763284,0
2024-01-16 06:00:00,0.5224092481810417,69.86347730245033,94.64198536947703,47.37060162052398,0
2024-01-16 07:00:00,0.5012592400781795,65.33366020463401,82.92642042407053,50.88875053134016,0
2024-01-16 08:00:00,0.5097676098548831,67.78358874404245,88.8347556005134,52.00240693253164,0
2024-01-16 09:00:00,0.42269902161445333,65.5759864298655,112.35811620006939,50.65532593107925,0
2024-01-16 10:00:00,0.5024510174258943,69.13526970038288,98.44101822063332,49.61278269637003,0
2024-01-16 11:00:00,0.549799829124545,78.55854240071172,94.51712703509399,44.02353118200378,0
2024-01-16 12:00:00,0.6451143607795042,63.140494285343216,101.60018225852788,57.25463774139606,0
2024-01-16 13:00:00,0.5959270826085207,61.932193010616295,105.01782736167544,59.03598321818943,0
2024-01-16 14:00:00,0.7153182457511557,77.35585163746805,111.1739881590246,41.586706529386575,0
2024-01-16 15:00:00,0.42326524371119506,68.95338161424067,114.48499229892926,44.8798570455681,0
2024-01-16 16:00:00,0.5872320636720678,66.65463630670041,96.40231354210914,48.60094828811497,0
2024-01-16 17:00:00,0.5183342005738352,75.19952343698039,86.73952313917962,45.17731102544904,0
2024-01-16 18:00:00,0.7189802933217673,66.97192230131569,95.86534838876725,52.52982776727933,0
2024-01-16 19:00:00,0.4191701714644849,79.13004856773468,102.60280506582886,46.358638987966934,0
2024-01-16 20:00:00,0.4160278157819224,73.38962935669635,90.3624107378939,60.825280339033014,0
2024-01-16 21:00:00,0.44006073545559776,67.56044295927148,90.42849085104957,55.95274297171798,0
2024-01-16 22:00:00,0.28761042756901933,80.78654106632752,103.43787881549885,51.06287015316107,0
2024-01-16 23:00:00,0.4474244978319239,66.9714253849833,99.5134764842955,55.13493131659866,0
2024-01-17 00:00:00,0.4240867338446302,73.71047686004654,100.32796995411587,55.52950212178654,0
2024-01-17 01:00:00,0.5150393786476207,71.49646290203246,92.41504665299931,47.18026255970879,0
2024-01-17 02:00:00,0.5341755975777159,76.50870644699398,97.69599285794233,45.91891377729018,0
2024-01-17 03:00:00,0.6876170839215886,77.80755598363426,90.75766855731696,50.39071531484824,0
2024-01-17 04:00:00,0.595042383818605,70.16002074532884,108.90198411124787,54.30818062248972,0
2024-01-17 05:00:00,0.4423096344337597,66.23291064826908,110.35249334723753,50.69530199326709,0
2024-01-17 06:00:00,0.4101585328651642,72.29986071469558,81.53812137761906,42.11501758904501,0
2024-01-17 07:00:00,0.5491919171506505,66.61142315123946,90.7048913980759,45.98587778024579,0
2024-01-17 08:00:00,0.36797667929793576,80.06693623763312,85.03470744909922,49.63013568202811,0
2024-01-17 09:00:00,0.6831458765854354,70.68267665541369,93.49976065593101,49.62167197837085,0
2024-01-17 10:00:00,0.6179440120721287,68.17339224343945,99.16562030209639,59.86271088394904,0
2024-01-17 11:00:00,0.45308243478952953,70.92340152932454,85.5035478030147,43.07006028800501,0
2024-01-17 12:00:00,0.3286865470909123,63.26436855235152,90.78140186874687,52.527946209179376,0
2024-01-17 13:00:00,0.6353872374165412,65.14192980744674,89.96042627918501,57.44556554164145,0
2024-01-17 14:00:00,0.4885460154747382,76.00206953972213,102.07267329398944,61.35724872711398,0
2024-01-17 15:00:00,0.6237816311973462,66.71552860514302,100.6934433703625,47.978012884080194,0
2024-01-17 16:00:00,0.34055723412056327,64.7654450865903,92.78262446662747,52.457147263601,0
2024-01-17 17:00:00,0.4400624977046227,72.68326376263643,101.76820872139398,52.84880178599323,0
2024-01-17 18:00:00,0.5005243699718183,75.92852077331499,94.53319915412735,50.97740865776645,0
2024-01-17 19:00:00,0.5046980593764742,73.59476655332533,97.28344889673947,49.50577399380347,0
2024-01-17 20:00:00,0.45499345285207565,74.98023842902909,116.73452090298537,52.17987694750023,0
2024-01-17 21:00:00,0.5622849932347499,66.21602455715269,113.40461051790348,37.33876957390157,1
2024-01-17 22:00:00,0.3932379570617406,62.89094666629078,87.00418763072402,53.410347450313154,0
2024-01-17 23:00:00,0.48576205149787066,77.50666825977743,108.29732417879174,50.630889518309836,0
2024-01-18 00:00:00,0.5120295631711899,68.38660080578933,108.11396554491591,48.88762551610867,0
2024-01-18 01:00:00,0.5514438834058749,68.74583491772476,88.51736711247382,60.23431097859779,0
2024-01-18 02:00:00,0.571161487808889,76.6409707092453,108.1877764375486,46.62532990604724,0
2024-01-18 03:00:00,0.3875357908162131,72.7811500470033,115.37931918412554,47.98462005467485,0
2024-01-18 04:00:00,0.3465885829264378,72.27943886040804,88.77455193755586,59.95776651102367,0
2024-01-18 05:00:00,0.6277676821898509,80.82501172450542,90.82497178985736,45.839693475750714,0
2024-01-18 06:00:00,0.5332314011979592,66.78240884809928,110.17661466843502,47.2494235853173,0
2024-01-18 07:00:00,0.42515134634434465,74.63920064040619,102.71495310825648,49.26487288284575,0
2024-01-18 08:00:00,0.6551151975522523,70.28506562448543,105.51476275239523,54.20367241064775,0
2024-01-18 09:00:00,0.5115674634292858,71.34296139431629,103.40589216400497,51.03901253676657,0
2024-01-18 10:00:00,0.6179297184063827,77.64234213206265,103.90695920928144,43.536873264238686,0
2024-01-18 11:00:00,0.5067518481410109,72.53917878144811,86.73527871688917,47.339157184364055,0
2024-01-18 12:00:00,0.7060747924881987,72.69148039524816,110.47317706621448,46.963227833938944,0
2024-01-18 13:00:00,0.6755340842443205,75.362536686549,111.69589992427774,49.61389477388477,0
2024-01-18 14:00:00,0.47510358515209267,68.17523635228558,97.70609255931973,52.129218293149144,0
2024-01-18 15:00:00,0.5971570950954356,65.80395166330497,99.56523050186138,52.09102877943986,0
2024-01-18 16:00:00,0.5645375949585147,64.77595402989483,84.68892497444278,41.11994122975799,0
2024-01-18 17:00:00,0.6368631557532349,60.16821705311999,105.14254756017834,55.31970493780428,0
2024-01-18 18:00:00,0.40350765394198956,80.28103564970161,105.72057441714144,51.262844229983116,0
2024-01-18 19:00:00,0.5686051459998439,64.48395817139158,99.37808983000689,56.92266023796953,0
2024-01-18 20:00:00,0.6058424486849587,68.89373188207114,111.24353359870503,52.22099163645336,0
2024-01-18 21:00:00,0.32412605135768857,68.6159335005554,96.6592276902006,55.50661478867881,0
2024-01-18 22:00:00,0.3816741487334225,71.5370334890455,105.646059258936,52.33272655725064,0
2024-01-18 23:00:00,0.2960767822239899,74.07868606269648,89.80335661307885,56.73112878101374,0
2024-01-19 00:00:00,0.47305931655554423,74.30236744179872,99.76447849125762,52.611253180088895,0
2024-01-19 01:00:00,0.5717542255795962,67.08461280715531,98.25645742097164,49.51042376778548,0
2024-01-19 02:00:00,0.6502357052096028,69.16439143106794,102.25307922040942,61.36217360223441,0
2024-01-19 03:00:00,0.5074094780419776,71.4128997524415,96.30473071166641,54.44518561139946,0
2024-01-19 04:00:00,0.6628615545571293,68.75654436908226,98.68527404328333,52.868722105022066,0
2024-01-19 05:00:00,0.3619898541785108,78.03672788009996,108.26047171441506,43.61847791730832,0
2024-01-19 06:00:00,0.32966175606448456,72.45487475819125,95.63235762761782,43.55846191268231,0
2024-01-19 07:00:00,0.49444523011033814,73.67438893024908,83.93422899261321,51.46357741070927,0
2024-01-19 08:00:00,0.5384065448939307,73.31440634333707,117.4958390420542,50.727605988841205,0
2024-01-19 09:00:00,0.4967305251905907,75.86736928742663,113.81454078690487,46.92938717495842,0
2024-01-19 10:00:00,0.2932557899960123,70.90510779351854,87.07737304894381,50.7049134980603,0
2024-01-19 11:00:00,0.49108799604872116,63.51584026022077,106.89707805245195,57.94313464021798,0
2024-01-19 12:00:00,0.36955304994951466,71.99843975876321,94.97025229448657,53.477012372751496,0
2024-01-19 13:00:00,0.5669672548830038,66.74321553104086,102.6348721533106,44.29495745123631,0
2024-01-19 14:00:00,0.5366598246096849,67.35691659125122,102.94224129013493,49.44245586428528,0
2024-01-19 15:00:00,0.40601202136726444,72.93182009377547,97.65592199683678,45.9751675957372,0
2024-01-19 16:00:00,0.4486133082663306,76.19141535716818,92.16234334413603,48.06150041795719,0
2024-01-19 17:00:00,0.39407864781110485,70.1063578836803,93.0945894768374,47.93192167185179,0
2024-01-19 18:00:00,0.49373209027268283,71.54416506299482,90.83808084518758,47.611772086979975,0
2024-01-19 19:00:00,0.5955142320501239,78.5110747231762,91.68177791769556,43.72432314013302,0
2024-01-19 20:00:00,0.4014273953664456,71.20376589744284,99.32821709950645,49.36172659240905,0
2024-01-19 21:00:00,0.5504046515517844,83.00841557090197,92.84240010889248,47.19696181576345,0
2024-01-19 22:00:00,0.44697423816275594,72.82754822815772,106.8205206571262,35.35275654998866,1
2024-01-19 23:00:00,0.4207127167737656,61.19618620422091,114.87246155335927,60.26486012250832,0
2024-01-20 00:00:00,0.4892969640045442,73.76670810552267,94.19946758629958,55.44384827108336,0
2024-01-20 01:00:00,0.3964757677580626,71.90579192441389,102.39404500535377,48.11849637537502,0
2024-01-20 02:00:00,0.4446350694652818,76.44876377041373,104.99685110302934,50.09409524870299,0
2024-01-20 03:00:00,0.38021221074111516,73.36590675634979,104.72002270919275,44.14172826341219,0
2024-01-20 04:00:00,0.696472513291639,69.30772008008113,100.75955267916088,58.47861438905433,0
2024-01-20 05:00:00,0.5035263551971728,63.87850881855317,107.42682418359722,59.486443473865556,0
2024-01-20 06:00:00,0.43002744920074143,68.95488371356987,104.82248952680658,50.78346864123262,0
2024-01-20 07:00:00,0.5213979910734222,65.7473977289535,87.62337577672702,55.11765322092673,0
2024-01-20 08:00:00,0.48876719503091703,67.09738275097638,108.69156064389273,50.87643389466962,0
2024-01-20 09:00:00,0.4779030400466777,72.94289202210305,108.87290837266742,43.31637280562035,0
2024-01-20 10:00:00,0.5614166700043425,78.34952252175702,92.36713895821418,47.940883155181716,0
2024-01-20 11:00:00,0.5757507710047305,71.9733576491149,100.37937835447602,50.659639833859785,0
2024-01-20 12:00:00,0.44694988523894724,64.02058468982408,106.83328992811069,47.72726140628278,0
2024-01-20 13:00:00,0.442418175935532,72.22301334110071,97.90686180420639,48.90673361282482,0
2024-01-20 14:00:00,0.4724948302848356,75.98315743322826,110.72978047766011,49.543002212454425,0
2024-01-20 15:00:00,0.26980788352644147,66.95108547840309,123.6387249461936,49.59560751067269,1
2024-01-20 16:00:00,0.3484808937801448,69.3299141666354,92.14013967365018,50.26129245248742,0
2024-01-20 17:00:00,0.6366874267444524,70.07344097364599,86.18955396846225,44.69697466801699,0
2024-01-20 18:00:00,0.6644967713501284,66.0755084345888,103.03818595604876,46.41491925436032,0
2024-01-20 19:00:00,0.47509639604436216,73.2414021692193,107.21562505126144,43.57707867150015,0
2024-01-20 20:00:00,0.5576556963055767,69.3952592569611,97.69133626155231,54.889077748431,0
2024-01-20 21:00:00,0.5311250154543536,72.09766221953514,114.53260663321035,39.47176529079837,1
2024-01-20 22:00:00,0.8078880808455238,65.5625391109895,86.61394200276752,55.767951716584626,1
2024-01-20 23:00:00,0.6119574911434577,67.81270849838295,106.9291862303161,56.93174698631422,0
2024-01-21 00:00:00,0.4872082408519233,73.61190678913886,93.94139179241107,48.489097065086895,0
2024-01-21 01:00:00,0.4044459559399574,68.13583423954117,117.19377906207296,36.98431456086351,1
2024-01-21 02:00:00,0.3393553679742427,78.63481925616702,119.92515353168119,48.193447190163546,0
2024-01-21 03:00:00,0.5203463635867223,68.00181907192699,92.33343412216652,49.67907919355591,0
2024-01-21 04:00:00,0.4243649254715697,71.12342362875943,94.5044286409142,44.947008900355435,0
2024-01-21 05:00:00,0.3577746290402326,74.66295415936546,108.59587886979801,47.423908030958785,0
2024-01-21 06:00:00,0.43534271157574733,62.90817133533484,96.12869350210485,57.65097599431676,0
2024-01-21 07:00:00,0.3918451996385605,61.19595594009612,99.54588782067762,53.324635811508706,0
2024-01-21 08:00:00,0.6687141635072564,62.371718427149524,100.2538842054241,45.3771794281095,0
2024-01-21 09:00:00,0.588163975694945,76.31292051713591,80.80326843802344,42.01200415202284,0
2024-01-21 10:00:00,0.49920273586833824,67.24070927053776,99.86162253905762,48.36491341195114,0
2024-01-21 11:00:00,0.6479944138890026,82.79099642834126,93.10272225935826,48.932716103247806,0
2024-01-21 12:00:00,0.5077368307647618,67.17876200671306,95.06877177600228,52.48099593681658,0
2024-01-21 13:00:00,0.4138715798671736,70.92275651598518,114.43632003468814,47.323416437161704,0
2024-01-21 14:00:00,0.6523124077269657,77.71054976283938,87.43493105720744,52.55749787680931,0
2024-01-21 15:00:00,0.5538910043684658,80.03046444079561,108.13205186747977,59.675770200301145,0
2024-01-21 16:00:00,0.39627538456735434,80.30751788318199,97.21037069668192,54.07750511222131,0
2024-01-21 17:00:00,0.4809661321916392,76.04183115296571,97.20239831504166,49.759557463346134,0
2024-01-21 18:00:00,0.41243817466152427,75.12031262905731,107.90371896051711,49.08424764473352,0
2024-01-21 19:00:00,0.3617200269035664,72.96263474600592,103.4005129456889,48.21663432910064,0
2024-01-21 20:00:00,0.5926177547531641,73.89180538083319,105.70612997219531,55.903204562260726,0
2024-01-21 21:00:00,0.6909416640470131,67.24407141835734,109.68184660532862,46.863432770243485,0
2024-01-21 22:00:00,0.36014324261808583,65.90900558288847,96.68691616816677,50.22611354499991,0
2024-01-21 23:00:00,0.5562969236690571,69.98312771294523,93.8776326549225,50.255989509405424,0
2024-01-22 00:00:00,0.4349357430878173,69.14907688737536,89.14849473442202,47.49107903594234,0
2024-01-22 01:00:00,0.4512874616235304,67.73385975336362,91.74589470021044,43.13767226057949,0
2024-01-22 02:00:00,0.4407606075761131,73.48193723728357,129.49094425308726,51.61487251808834,1
2024-01-22 03:00:00,0.4136009230320184,74.77652604285255,112.44679580736786,49.69498014072308,0
2024-01-22 04:00:00,0.5048521627944828,70.44203443145923,86.48925633791978,52.50120234718285,0
2024-01-22 05:00:00,0.4169049883588962,77.3876504052763,86.7754204325643,47.33199846780417,0
2024-01-22 06:00:00,0.5270456825779839,64.29155442933248,104.81866061718492,56.10410649406524,0
2024-01-22 07:00:00,0.4949761890550863,69.03170270360141,105.47264797377967,45.61613109394078,0
2024-01-22 08:00:00,0.47610519531335904,66.41588839698598,105.48883835317365,58.56020142008946,0
2024-01-22 09:00:00,0.4092436337958402,60.667316914634696,97.45044206446302,41.26181745085869,0
2024-01-22 10:00:00,0.4423228669431667,69.5865965707865,98.745457399971,52.17385032278445,0
2024-01-22 11:00:00,0.5755391225825757,69.39126245808359,103.27879524159357,52.37715341263312,0
2024-01-22 12:00:00,0.5500917187624381,77.56724871621066,100.85893006293331,46.02221466029559,0
2024-01-22 13:00:00,0.40224447552014486,73.15405842277389,77.80699627252466,52.12196968930506,0
2024-01-22 14:00:00,0.5099332305429226,64.87906587835397,97.70200369424806,56.3975933488008,0
2024-01-22 15:00:00,0.575138712337179,79.27046283167094,91.48593565739687,38.91590580322968,1
2024-01-22 16:00:00,0.3330594718878628,76.10516847762676,101.75211418908512,52.513724037454075,0
2024-01-22 17:00:00,0.5543360192379935,72.91048851734308,129.8525900260341,37.53364589834961,1
2024-01-22 18:00:00,0.43373762410541533,68.86757950575084,103.67481665474304,45.17167598238396,0
2024-01-22 19:00:00,0.557059866859316,65.2028038163826,96.86470313827603,58.145831824504725,0
2024-01-22 20:00:00,0.4236740843457483,68.13896611964473,109.21801501977252,47.09108983303973,0
2024-01-22 21:00:00,0.3195117899335481,75.44374309852093,104.82687887209212,44.13060017795514,0
2024-01-22 22:00:00,0.33724575621168373,79.42293152967305,104.20094490451841,49.01031135507659,0
2024-01-22 23:00:00,0.5048084946661382,77.71621764136094,106.06850593215671,60.339531690817765,0
2024-01-23 00:00:00,0.5259722501721482,67.55575289106864,120.56543564829542,40.84158876396987,1
2024-01-23 01:00:00,0.4095683374895591,64.40191283355495,88.69111564674084,44.743450441803276,0
2024-01-23 02:00:00,0.5638592458777374,70.70443123455603,104.73632076811454,57.48715841589813,0
2024-01-23 03:00:00,0.33384799377310403,61.157803172185744,90.73618870018461,59.288511717688664,0
2024-01-23 04:00:00,0.49339202013526834,71.61583857092391,105.55512646342248,49.48284387854858,0
2024-01-23 05:00:00,0.3788983800237543,69.26198706850666,90.81313488513905,43.80473648736679,0
2024-01-23 06:00:00,0.43481638921978405,67.66981749065879,95.82633186394915,60.479217509045796,0
2024-01-23 07:00:00,0.5047398671316414,62.026484663666025,97.04910085762094,57.97221195874599,0
2024-01-23 08:00:00,0.41395866347160476,72.56800053284859,109.7581671934471,53.39473493881116,0
2024-01-23 09:00:00,0.46154444557701746,67.33649580169045,109.18454443942414,45.9379882553129,0
2024-01-23 10:00:00,0.6006292809214441,64.15041582144856,87.54282623553615,49.754853295809816,0
2024-01-23 11:00:00,0.4423108130476851,55.63868893359175,100.5493411099985,49.19819959477584,0
2024-01-23 12:00:00,0.5835692112065142,69.86242547474681,92.90420145250827,51.65425652307789,0
2024-01-23 13:00:00,0.38702931453423817,78.86125798334872,87.41495089324665,57.255007190656684,0
2024-01-23 14:00:00,0.5529804177915283,78.30629607273934,97.8298294957563,54.39708520568701,0
2024-01-23 15:00:00,0.64415686206579,67.71451871706864,96.9151721154418,44.61311961507621,0
2024-01-23 16:00:00,0.2528355499872711,66.9889396981911,124.26716486345522,56.88248225009769,1
2024-01-23 17:00:00,0.42031047445295233,72.34387128037511,104.32959825360696,51.56566070006578,0
2024-01-23 18:00:00,0.557707212718054,65.00807280405854,86.22382499245762,53.43532897929458,0
2024-01-23 19:00:00,0.47969546139570074,71.50895949909733,94.35225995829057,57.33270429639302,0
2024-01-23 20:00:00,0.5371145873371309,73.83040139192344,110.21383295429399,44.442098752432244,0
2024-01-23 21:00:00,0.4396014813284179,76.13466611942154,120.88442772869925,49.82087210646768,1
2024-01-23 22:00:00,0.5086589787472899,69.49922961760024,84.14016687762042,47.342727243203925,0
2024-01-23 23:00:00,0.48443227646079207,68.98163124911517,81.20075614860954,42.160702873172724,0
2024-01-24 00:00:00,0.6167782061659808,65.61008706621719,118.70965175371782,51.7335498880246,0
2024-01-24 01:00:00,0.5254420843301213,65.8655982298007,103.89614177370903,62.55778275792212,0
2024-01-24 02:00:00,0.5337602662075203,68.86760554049236,91.31707268123634,40.799611277471236,0
2024-01-24 03:00:00,0.45881230338775325,71.8368275340809,105.34629086122435,49.838596944752645,0
2024-01-24 04:00:00,0.4512393775927506,74.56792313116625,73.64252260983122,53.20271467537387,0
2024-01-24 05:00:00,0.4567441812180379,65.98410524659828,100.0337550659716,50.61539100828091,0
2024-01-24 06:00:00,0.5394452142378297,77.46344284479761,103.27821172843085,49.434359737421296,0
2024-01-24 07:00:00,0.4579015519179737,68.64438199478715,109.2427013953783,43.50391818277088,0
2024-01-24 08:00:00,0.5289774856896413,69.89316352825782,89.86104047707462,51.16393371470082,0
2024-01-24 09:00:00,0.7075400798645439,66.26394160426088,100.8568716140336,46.21618011492037,0
2024-01-24 10:00:00,0.5871124703431693,57.87879869863529,90.74575373940412,39.05039147510723,1
2024-01-24 11:00:00,0.4673976467832159,74.42022698180524,102.55383755674318,55.972961102568654,0
2024-01-24 12:00:00,0.6201213922163945,73.68421948546217,91.04653677636976,54.791929099210215,0
2024-01-24 13:00:00,0.45919246269784486,68.59336221440893,95.91899160839779,50.2583048842554,0
2024-01-24 14:00:00,0.29618754648221457,70.33495358612436,90.04184605209771,51.14537344102851,0
2024-01-24 15:00:00,0.39919136890825957,72.57969608852049,106.51136241823657,55.371590063577806,0
2024-01-24 16:00:00,0.3129208078974144,62.18727071556729,108.58451116656666,51.12169828389041,0
2024-01-24 17:00:00,0.46484865159586913,67.35473661326853,97.65379430042586,54.52008777380657,0
2024-01-24 18:00:00,0.5018418379189552,73.97132339810913,100.38237994960028,48.51258899563075,0
2024-01-24 19:00:00,0.6676437312275283,63.72855288415376,85.51408585366455,56.55991869286973,0
2024-01-24 20:00:00,0.5326927373764163,71.46778966083315,97.00323351993212,51.60392862966342,0
2024-01-24 21:00:00,0.47808994711911357,63.21709097688297,99.49795382958256,50.97025971802937,0
2024-01-24 22:00:00,0.5829405581183489,72.33214991216764,126.20793091029975,43.64969455643984,1
2024-01-24 23:00:00,0.27888646909921144,69.82179258851258,88.88032974225837,51.434779271508546,0
2024-01-25 00:00:00,0.5235614558108566,61.92434092047245,114.64177238752437,45.840225412527744,0
2024-01-25 01:00:00,0.5770865193886967,75.82369677228586,109.96858773465809,46.80858636735753,0
2024-01-25 02:00:00,0.35214137542201585,66.32704211600975,102.80636404490136,45.92312185841939,0
2024-01-25 03:00:00,0.6143754043206929,65.9487378149281,117.58620484195134,44.66882534050387,0
2024-01-25 04:00:00,0.5338496407494414,71.00284598615471,103.72105472606863,60.62385701508481,0
2024-01-25 05:00:00,0.45847120860991986,75.74318674714358,103.89159195667929,56.656695309942016,0
2024-01-25 06:00:00,0.5632781866106285,64.92089090510801,99.46879346982455,59.60183751072131,0
2024-01-25 07:00:00,0.7270692857804396,70.30839924923986,112.23568882418627,43.88552490222218,0
2024-01-25 08:00:00,0.5181866255058495,72.14408250165286,110.96469233810883,50.35626874955446,0
2024-01-25 09:00:00,0.5248220586300336,73.46552803631572,93.74322712503788,43.53246187397952,0
2024-01-25 10:00:00,0.45406391004597557,70.88220777638612,86.80752805401232,46.52152561401468,0
2024-01-25 11:00:00,0.41501556305352083,68.16486080458338,97.97019362604343,45.40936508291713,0
2024-01-25 12:00:00,0.5830335816544245,65.8620488967564,91.99961435602353,56.197920032207804,0
2024-01-25 13:00:00,0.4143916174091133,70.43071941523188,99.36475425384644,48.0188516094912,0
2024-01-25 14:00:00,0.5071566237219393,64.63930494007197,112.37438134684139,55.341896668470085,0
2024-01-25 15:00:00,0.4522342553234883,55.39324758252697,95.4269834491321,53.02060444794259,0
2024-01-25 16:00:00,0.5478979825746392,72.18279902078834,99.57176618688425,61.51819376052394,0
2024-01-25 17:00:00,0.5333662105286948,74.51967420543097,100.58022734808395,42.60277888430138,0
2024-01-25 18:00:00,0.6037539944257899,58.185337822290805,108.48430882205284,56.296166198933996,0
2024-01-25 19:00:00,0.4489983601145253,64.95134647645031,77.53110666015395,55.732204352003635,0
2024-01-25 20:00:00,0.4730125064706629,73.09577130502599,93.93299705234703,45.13310580986483,0
2024-01-25 21:00:00,0.40212362842176924,80.2874773485585,102.11283692279473,55.0356666823658,0
2024-01-25 22:00:00,0.4555706739923888,70.10396853837705,112.00078956426862,51.68072481513114,0
2024-01-25 23:00:00,0.5377300493044852,66.35998529385432,95.08097552493795,48.862618700232964,0
2024-01-26 00:00:00,0.5756988616645352,69.0855177944758,81.23447293958125,45.880322565140006,0
2024-01-26 01:00:00,0.40778346758223744,76.87438209574093,106.19711445966136,46.40445274275407,0
2024-01-26 02:00:00,0.586960592010566,66.77017910437732,93.6463761117437,60.24906047892963,0
2024-01-26 03:00:00,0.6355637858804951,66.00403996674873,88.1033334090964,50.003414094787416,0
2024-01-26 04:00:00,0.5413434903223701,67.58628238908983,93.75654610286776,53.910650007657296,0
2024-01-26 05:00:00,0.6876795812558066,65.23335695870644,98.15474642344151,46.04550309166223,0
2024-01-26 06:00:00,0.4226210800896427,70.61335157997398,93.95255335461788,46.1007352688918,0
2024-01-26 07:00:00,0.3755345296688583,78.1233922923478,77.9443394290093,55.409924046249714,0
2024-01-26 08:00:00,0.32212797510957214,71.61539636558014,108.97066196887133,43.25211894224234,0
2024-01-26 09:00:00,0.6496044311489183,68.73823248936856,112.74875041278722,47.92393116047364,0
2024-01-26 10:00:00,0.5654365656354058,68.54094365542228,106.51521991339506,50.17013705536116,0
2024-01-26 11:00:00,0.4944415329089545,62.18404595651671,88.62314329575183,50.55686300920026,0
2024-01-26 12:00:00,0.527996862631982,74.4155488857358,97.98508466052482,49.104533574919216,0
2024-01-26 13:00:00,0.38745109527016236,69.610814014936,99.93478684770542,51.97909890547962,0
2024-01-26 14:00:00,0.7445751979616826,69.09760043204687,105.9879438956191,53.46427877908906,0
2024-01-26 15:00:00,0.5129221181975228,85.96553783922431,106.68340488718081,53.67318772729665,1
2024-01-26 16:00:00,0.5109394794604893,71.49376454182843,92.65826201221505,45.07098095666087,0
2024-01-26 17:00:00,0.5725766623898692,66.24104474952408,100.8199555641356,48.57922451035601,0
2024-01-26 18:00:00,0.5481009231736713,67.86821201897229,104.57280404615241,55.973814309384686,0
2024-01-26 19:00:00,0.5223884024279132,75.74222854598378,114.55822322146767,54.47323593786936,0
2024-01-26 20:00:00,0.4209525544554688,70.56635205268883,107.04506539824723,43.13570274259468,0
2024-01-26 21:00:00,0.5471468357135996,62.80861010841316,107.89056687375519,51.75739950176101,0
2024-01-26 22:00:00,0.6882024496475034,74.59614467287602,100.8382662792936,40.10887375312595,0
2024-01-26 23:00:00,0.6345420046154978,66.65927957230502,114.10459145203504,50.23467451030185,0
2024-01-27 00:00:00,0.6593186626639397,79.36648888108773,104.09762795959497,59.48883508372988,0
2024-01-27 01:00:00,0.44887843235688146,75.40024032857325,91.3891208982643,45.26053641365507,0
2024-01-27 02:00:00,0.4010395179741419,67.76339052170624,114.0336997012519,45.82838477254209,0
2024-01-27 03:00:00,0.4874213079900352,76.40508180867556,106.97903272539028,53.8201489078643,0
2024-01-27 04:00:00,0.5055724912288695,70.33927755263701,95.56955978871518,42.28599242395177,0
2024-01-27 05:00:00,0.6094191518470948,74.2638683756111,95.20507032600757,46.83622485057481,0
2024-01-27 06:00:00,0.33075353702851806,72.42366408647237,102.96575545140762,52.98220568790876,0
2024-01-27 07:00:00,0.6529550319460614,65.76821672504563,104.63184795267584,46.82857076155298,0
2024-01-27 08:00:00,0.48419921014210104,66.7822508384127,101.97292265631206,48.82015006394514,0
2024-01-27 09:00:00,0.457311893005258,75.1498040879058,103.11308673442885,53.72092855157517,0
2024-01-27 10:00:00,0.39878956247398323,68.3261233394673,116.9995737457638,52.10773041768281,0
2024-01-27 11:00:00,0.334514332813423,67.98175768379002,110.71543152234887,51.33409198147701,0
2024-01-27 12:00:00,0.5823170583961914,65.22438710325324,101.90635591265024,48.304388603649805,0
2024-01-27 13:00:00,0.5073317967188404,72.11799532796731,109.41310580767484,51.85030557634478,0
2024-01-27 14:00:00,0.3710039100258946,80.31262459621573,89.67476096472461,49.38133659950122,0
2024-01-27 15:00:00,0.3704921227936384,64.66233542872864,103.97927049946809,52.289028049628925,0
2024-01-27 16:00:00,0.4664215300709872,70.1210972833638,118.0930634973311,47.51533987441011,0
2024-01-27 17:00:00,0.6669021525289394,77.06110277707714,97.81954104607627,49.087155128102296,0
2024-01-27 18:00:00,0.4740408648636395,69.60179304377142,91.52366071380915,45.05021103723993,0
2024-01-27 19:00:00,0.3496857046881894,72.26185898124866,93.4791111140694,49.824961949968824,0
2024-01-27 20:00:00,0.4754256935914056,64.6880323592656,89.10366962657612,45.94499568185577,0
2024-01-27 21:00:00,0.47272764302523296,72.14153548603824,92.15238091872297,44.429767749190034,0
2024-01-27 22:00:00,0.23031133570584283,69.06427867497726,96.2949190140997,51.29330573927694,0
2024-01-27 23:00:00,0.4945705133482188,74.92864997839932,85.94432980821358,51.0636988792883,0
2024-01-28 00:00:00,0.4769065469791322,75.93693025782376,100.15618333949602,53.91436867474286,0
2024-01-28 01:00:00,0.5696206364813419,82.94781821009308,109.02277173786648,47.84437215212451,0
2024-01-28 02:00:00,0.6848956094945345,72.89816586606788,90.9224381985308,52.04026423418378,0
2024-01-28 03:00:00,0.6126565029547757,71.62898158291084,115.19283923641768,52.753987861368316,0
2024-01-28 04:00:00,0.47311113094451696,70.97192150788668,105.10792088527595,52.223869039157975,0
2024-01-28 05:00:00,0.389347409125833,68.23416853594655,110.30580585624057,45.87173158598929,0
2024-01-28 06:00:00,0.7573359803249861,71.69241921730845,93.42165446147862,50.74681741135594,0
2024-01-28 07:00:00,0.5059218434014489,68.52299294930485,108.54525227066615,51.82070148027331,0
2024-01-28 08:00:00,0.5013929291912946,70.84230488134807,89.08066099604687,50.03589233453971,0
2024-01-28 09:00:00,0.49758749128899965,76.5879876780398,108.90247500836509,39.567611708144575,1
2024-01-28 10:00:00,0.5198084760767855,64.96728717360179,101.71839339793532,50.8024481198674,0
2024-01-28 11:00:00,0.4855639588076058,75.69939280564523,105.53251219984784,61.06265519698621,0
2024-01-28 12:00:00,0.4426337993119764,76.58557533669932,88.24405394375148,48.19980365621509,0
2024-01-28 13:00:00,0.44531410587596076,69.40965736504461,91.04930157723395,46.3596145107234,0
2024-01-28 14:00:00,0.4967246729784002,59.390725504957025,105.97228218253385,51.86674279855699,0
2024-01-28 15:00:00,0.4456575228866235,66.96089006452783,90.51651995775799,51.56189105233286,0
2024-01-28 16:00:00,0.42871542173228355,76.48497273280555,104.63206292099123,55.96367582708207,0
2024-01-28 17:00:00,0.5106430227691897,69.88565968850558,86.32862193539754,43.71065922045556,0
2024-01-28 18:00:00,0.47450227825791447,65.00348883852544,108.48174212666669,53.65690126287496,0
2024-01-28 19:00:00,0.6503992988582689,67.47612539385891,87.67476685231492,52.95211030625732,0
2024-01-28 20:00:00,0.23490301916069878,74.20310013252276,105.52299937679523,49.289267315297266,0
2024-01-28 21:00:00,0.6091506851922461,72.73366784100689,106.25630933646,51.69343658960845,0
2024-01-28 22:00:00,0.6246085192497629,68.80533950415153,93.03228181570425,55.14728740799178,0
2024-01-28 23:00:00,0.292660976759185,68.16587794092656,105.82026567084726,54.36157690014225,0
2024-01-29 00:00:00,0.46573124059196513,68.0412092547809,102.60442263333556,44.28490343963136,0
2024-01-29 01:00:00,0.46285591340042087,65.38794907750749,94.61158143807262,54.100790933777425,0
2024-01-29 02:00:00,0.3592488305282179,78.07687844734721,89.91445315923792,49.67655697483741,0
2024-01-29 03:00:00,0.42221833124091246,68.3883976539433,80.3737430832742,50.364370490077576,0
2024-01-29 04:00:00,0.3889424154534171,76.08579260412748,103.49650047299694,50.36598495500847,0
2024-01-29 05:00:00,0.6752270443423622,77.60658025961226,84.35197228637945,49.2487850560087,0
2024-01-29 06:00:00,0.5935678393147461,74.9915544907398,100.95344199441308,55.958537485535324,0
2024-01-29 07:00:00,0.6271555094994159,67.84189843640976,97.36551783917751,49.58141020075394,0
2024-01-29 08:00:00,0.5721672064043235,72.01865045168304,106.79142775438196,44.402269358084155,0
2024-01-29 09:00:00,0.38709482287827707,69.87902196804542,96.97954500510136,48.032350720151356,0
2024-01-29 10:00:00,0.4475479733720226,65.48149069634935,96.70552213652908,50.89347358405238,0
2024-01-29 11:00:00,0.5489374561227918,71.62179640860802,107.31870704288295,56.146073921485254,0
2024-01-29 12:00:00,0.3777872191108055,64.10480104420098,103.35058029084118,53.015473424744165,0
2024-01-29 13:00:00,0.5712998430172388,75.93839694230782,103.16155957182778,45.74732360626478,0
2024-01-29 14:00:00,0.4759674601841865,67.67691351350804,104.69267589808527,62.425949583394456,0
2024-01-29 15:00:00,0.46251791924504027,71.0057982793642,84.64427876792894,51.3238765548899,0
2024-01-29 16:00:00,0.5710959968203492,71.41643935773071,107.56788679986983,56.37695368999508,0
2024-01-29 17:00:00,0.544426331148604,68.70547513147962,106.12468794013603,49.24142783211386,0
2024-01-29 18:00:00,0.463903383418092,72.93346900737637,89.83316871423503,52.66679622352725,0
2024-01-29 19:00:00,0.6159329803364249,67.62548171688738,97.55919526325799,54.197342522592024,0
2024-01-29 20:00:00,0.3918936672400103,74.35648648728622,99.6069271237237,56.09097355877128,0
2024-01-29 21:00:00,0.5615935606944263,63.27010159876626,98.65503215598267,55.28684152689112,0
2024-01-29 22:00:00,0.5593101257968384,70.63189789773206,103.33859966568535,54.36098500036489,0
2024-01-29 23:00:00,0.469045356068601,79.69464499529143,114.31366781831184,48.42456634402946,0
2024-01-30 00:00:00,0.5326133022242118,64.99834337697213,110.81766727672829,47.141269790219695,0
2024-01-30 01:00:00,0.3748886423614697,66.61127514737575,86.87780806568594,51.66303755162099,0
2024-01-30 02:00:00,0.5924027019206901,72.56953924829457,106.22069990306049,54.66564036170534,0
2024-01-30 03:00:00,0.4815097863557011,70.89790890969799,113.28933319535409,48.886396496116966,0
2024-01-30 04:00:00,0.447727697948096,71.7531504963678,103.86808520689203,55.325859828571936,0
2024-01-30 05:00:00,0.604900922583689,72.44593565073832,110.90980425185967,57.263083727430896,0
2024-01-30 06:00:00,0.4295656309457241,73.17360734280885,120.12270445700764,45.4183954046329,1
2024-01-30 07:00:00,0.359153870363644,75.54849920978111,110.23709546106981,45.8153964810186,0
2024-01-30 08:00:00,0.34433708264760965,72.04909328464257,102.49308595641729,49.29812470547332,0
2024-01-30 09:00:00,0.560600995134564,68.79371172690729,110.45088474084753,51.53806334094598,0
2024-01-30 10:00:00,0.3719570647503717,73.36286850601365,101.44887833096891,47.37716493116474,0
2024-01-30 11:00:00,0.6754794181984365,79.49940967447608,100.23903043284956,56.76101339433572,0
2024-01-30 12:00:00,0.29180705921162775,69.33683126808714,96.48585764286267,52.12033430759226,0
2024-01-30 13:00:00,0.6696456368290038,65.12735347664679,115.63413358832108,50.1972352412037,0
2024-01-30 14:00:00,0.5211017467202619,75.53540334643486,91.81571334057999,42.820452380657365,0
2024-01-30 15:00:00,0.49032868881296077,69.39809418023201,115.32367724678116,43.42092091786246,0
2024-01-30 16:00:00,0.445508091319105,59.13665226992982,104.99864123740372,51.40504625140903,0
2024-01-30 17:00:00,0.5399136114352071,74.23710838575211,86.00693825198059,39.33702186922582,1
2024-01-30 18:00:00,0.49623652975751514,67.32335907023038,103.67649292991422,55.06318704822036,0
2024-01-30 19:00:00,0.6103301882016522,69.54733358847919,78.99973492348376,49.2092307781384,0
2024-01-30 20:00:00,0.511422764866204,71.65990165284508,106.25508016831036,66.21546484797366,0
2024-01-30 21:00:00,0.5150301761461877,70.95249839889533,108.8523148298899,61.539581253080556,0
2024-01-30 22:00:00,0.4636387787786144,73.5472590856952,94.07644044347947,49.09275465376242,0
2024-01-30 23:00:00,0.49430543762789325,67.82256814715079,101.23547695955583,49.468314987343426,0
2024-01-31 00:00:00,0.5307801768892059,72.56552899088041,119.54157433750287,54.977907570010146,0
2024-01-31 01:00:00,0.3289831607343374,68.70226661208041,94.94253295738064,58.51586304959019,0
2024-01-31 02:00:00,0.3651814577894287,73.69405240443751,89.410924129434,41.80985471281991,0
2024-01-31 03:00:00,0.5743264094022715,73.07683742006526,114.81663402462598,41.06812267322657,0
2024-01-31 04:00:00,0.5170865438127942,65.32280648977702,119.62587190530795,46.889825972228095,0
2024-01-31 05:00:00,0.48160166636473206,75.42991058087516,100.03695671847848,52.913687915869325,0
2024-01-31 06:00:00,0.5018433933065393,67.32018277442975,110.11463035408356,52.48436795253799,0
2024-01-31 07:00:00,0.5347581705361671,74.04028899140573,113.41475915530881,55.348857274919254,0
2024-01-31 08:00:00,0.4460240319690638,71.8364365670067,92.57515767461616,44.00151235817346,0
2024-01-31 09:00:00,0.4221695274597687,79.19091838397561,95.14694164632132,38.41928068515561,1
2024-01-31 10:00:00,0.5195845255097682,68.88267008814074,112.30874513154735,54.29007097651073,0
2024-01-31 11:00:00,0.4021627222384968,68.25341601940902,116.85014278708509,45.859018635173825,0
2024-01-31 12:00:00,0.5408252755714472,69.90290197056133,105.62880860174354,39.90756067805681,1
2024-01-31 13:00:00,0.32974163957621594,68.48410108582863,91.20185646497946,50.72531872979691,0
2024-01-31 14:00:00,0.6029155637325644,73.99970950971024,119.87061111699441,53.96587844109339,0
2024-01-31 15:00:00,0.5472597482413043,61.91844695781706,94.69029102188036,49.38971433939361,0
2024-01-31 16:00:00,0.5256029734313876,64.73158790426822,96.64862218828549,47.710758069087554,0
2024-01-31 17:00:00,0.5982690983945513,64.66098539210404,103.42337834489622,49.20318883927047,0
2024-01-31 18:00:00,0.6665474444462577,74.75153795986787,115.54160420714774,48.14708618799609,0
2024-01-31 19:00:00,0.6014370065018131,78.55306686290963,108.53975976552223,43.259764440299165,0
2024-01-31 20:00:00,0.3159125768668355,69.47775390731265,104.1486550036191,46.42659661504784,0
2024-01-31 21:00:00,0.37204230332642985,69.15589138404995,104.63288530118106,52.60639952506907,0
2024-01-31 22:00:00,0.4375181422304321,70.3502608155659,100.43514668643466,51.6083927068825,0
2024-01-31 23:00:00,0.5026091050210834,75.80939151304095,105.58139514518507,50.8402990298341,0
2024-02-01 00:00:00,0.5517659020469123,65.36323432904713,74.70439922305697,45.0242575907331,0
2024-02-01 01:00:00,0.42742561868465345,71.19184491367392,97.03392540930201,49.09248418932167,0
2024-02-01 02:00:00,0.5186766764477079,74.87598814891214,102.4132193491678,39.11467476778573,1
2024-02-01 03:00:00,0.42446170676466777,72.50547084969922,88.48985916380494,50.89238331942695,0
2024-02-01 04:00:00,0.4388482197008052,70.94790808299372,103.86323317811559,57.14428853906784,0
2024-02-01 05:00:00,0.35933389031517776,75.00523046283571,97.95528779013878,42.62933933978947,0
2024-02-01 06:00:00,0.40767667538890956,56.48383853500381,117.5547569831549,47.070361633411224,0
2024-02-01 07:00:00,0.36483153943836666,73.38937659765453,115.73019725214857,51.64553389355065,0
2024-02-01 08:00:00,0.4024126747022667,66.72962158436287,95.34194430881837,56.26421317213742,0
2024-02-01 09:00:00,0.6053641796607839,60.846835515717714,98.49162288433304,47.758876918499254,0
2024-02-01 10:00:00,0.4050601111168057,72.5560129976249,99.26052434391607,46.53874835367052,0
2024-02-01 11:00:00,0.7632382064837391,76.86829272581478,95.48340523840378,40.15538428791959,0
2024-02-01 12:00:00,0.549331790088089,69.31275742686154,101.95024984028127,50.517190646540534,0
2024-02-01 13:00:00,0.5184836123694874,74.76437273601469,92.4171793111241,60.21038020071872,0
2024-02-01 14:00:00,0.41416422198187863,78.06139128994323,88.69384665062474,51.38679230982338,0
2024-02-01 15:00:00,0.5700309879408991,76.57457226792023,106.22711223900268,49.888605104081435,0
2024-02-01 16:00:00,0.44243621737622263,78.19982264685697,106.29529584221811,51.61041155383493,0
2024-02-01 17:00:00,0.5122009814645362,73.71063745535946,91.95684240340007,49.94453998025699,0
2024-02-01 18:00:00,0.7560084538268794,70.37716819450796,108.95355430762599,45.93492813869935,0
2024-02-01 19:00:00,0.490394010027535,61.99017094051416,93.68422270834668,54.116399578388524,0
2024-02-01 20:00:00,0.6149273326285676,68.76968755935026,102.53165238037981,51.12880761555877,0
2024-02-01 21:00:00,0.42968235748741124,65.78376702341905,108.20344012612456,50.08806625966829,0
2024-02-01 22:00:00,0.49650115095030384,80.85471358748907,99.66387435296286,45.12316986360875,0
2024-02-01 23:00:00,0.677080063563551,69.12057093783832,104.54740912141135,56.517539659673794,0
2024-02-02 00:00:00,0.43730329422122327,70.61602403392243,94.83570356112428,53.32351372666555,0
2024-02-02 01:00:00,0.6812448557996928,72.75742688020233,98.03533416571902,47.23539581316349,0
2024-02-02 02:00:00,0.5707751935455475,70.21801223186228,97.9414056911966,55.009124268409685,0
2024-02-02 03:00:00,0.44375332241057325,78.47525520215376,92.53421653459762,47.51214580807397,0
2024-02-02 04:00:00,0.563240773905552,66.88675319132774,98.23225836884218,46.08998253744482,0
2024-02-02 05:00:00,0.597255444962673,70.97303727618622,84.51381701136253,46.20148441259857,0
2024-02-02 06:00:00,0.5621809962217197,66.28764707150975,95.08846252857896,41.144657234559546,0
2024-02-02 07:00:00,0.3429775280109544,63.399887443896475,97.15124506630329,52.357711902091026,0
2024-02-02 08:00:00,0.42728628241751315,66.94115454547358,97.4382024750462,40.84427560830825,0
2024-02-02 09:00:00,0.47524813644484953,69.81481601475794,97.58502554129221,43.857780843671186,0
2024-02-02 10:00:00,0.49255665708999535,67.8534888774137,99.38235800139871,39.62205995460734,1
2024-02-02 11:00:00,0.5620672097550679,66.53789510063072,104.79441518086064,49.569651536045534,0
2024-02-02 12:00:00,0.5177701000933254,62.96841268164083,108.74517074132523,49.24839769864064,0
2024-02-02 13:00:00,0.3664655641289899,69.58447213685653,93.50234773151733,48.36651893406818,0
2024-02-02 14:00:00,0.5380197851005963,62.47639812984499,87.96799144610856,44.78711152664712,0
2024-02-02 15:00:00,0.5610585745283823,73.80027981844802,89.57955587756896,44.1388312328168,0
2024-02-02 16:00:00,0.555979044793104,70.41219876467251,95.12797078805073,52.32184931773287,0
2024-02-02 17:00:00,0.6080780725554622,62.712242502675345,96.48078682183491,47.24724034145756,0
2024-02-02 18:00:00,0.5833922154548904,68.45395461475069,92.30003933802543,51.58179160768072,0
2024-02-02 19:00:00,0.5459180079228436,66.23921797204709,87.03883335750106,45.57375656937889,0
2024-02-02 20:00:00,0.4929834288541353,71.5958725520959,95.43879172525811,50.90531371385541,0
2024-02-02 21:00:00,0.33390390664840086,76.70225223011572,101.81426620113972,56.51639018658032,0
2024-02-02 22:00:00,0.5429618219132586,60.62413765177128,105.95029465835565,52.930829001963914,0
2024-02-02 23:00:00,0.5207687687163112,70.57513039573709,94.42576946891678,47.9379309089176,0
2024-02-03 00:00:00,0.5271578837195373,69.1993360221668,95.87002177856566,51.285994851779634,0
2024-02-03 01:00:00,0.37232514241796905,73.35670038225233,90.73301691152689,48.796674127348936,0
2024-02-03 02:00:00,0.3918943459591738,71.06598314118844,99.68560829625224,50.03940092347364,0
2024-02-03 03:00:00,0.6053152853332904,66.2401533413059,91.51571365809185,48.37194473925748,0
2024-02-03 04:00:00,0.4960444846143345,68.4047303216669,105.731278132412,49.17832397057305,0
2024-02-03 05:00:00,0.5681500697372625,66.01987071598255,82.14133508065889,51.060466765370876,0
2024-02-03 06:00:00,0.5028318376130461,75.38003569299299,96.40370327547538,45.033206502090245,0
2024-02-03 07:00:00,0.5029756139495746,70.10655824335971,103.01107339191742,44.920605865050106,0
2024-02-03 08:00:00,0.5938283805975998,79.50595342876504,101.83834516322504,43.05728723084395,0
2024-02-03 09:00:00,0.4483955271782626,69.6966959309269,126.93033663980496,41.99864447748145,1
2024-02-03 10:00:00,0.5096120776940983,66.45796616544769,103.49800024567908,43.913586538897604,0
2024-02-03 11:00:00,0.45377247112949576,62.43142803693586,89.9594540315799,50.79731253402065,0
2024-02-03 12:00:00,0.45655037725676845,60.98430161872027,99.04535752910927,45.53606242254058,0
2024-02-03 13:00:00,0.46908278765313605,62.07932028497255,82.23753666533548,52.56807232115548,0
2024-02-03 14:00:00,0.5222133771633712,71.33563325505742,99.1940025070324,50.17356874376281,0
2024-02-03 15:00:00,0.45212513783365227,72.54362511614967,91.66943942999241,40.15747893280973,0
2024-02-03 16:00:00,0.6255756125573521,62.094046489839336,109.15390275560162,53.27487792110845,0
2024-02-03 17:00:00,0.4105392697780496,74.47519157038057,94.50459725404465,54.05399322795855,0
2024-02-03 18:00:00,0.4813128355838641,67.58469474158281,98.83234084204753,45.03068662582574,0
2024-02-03 19:00:00,0.4560268941725825,70.73396505992774,93.64442158595597,52.10095771447496,0
2024-02-03 20:00:00,0.6446977884353733,78.06110314127713,117.38851351853332,45.71750881295401,0
2024-02-03 21:00:00,0.5196554776511575,74.48419657932766,96.78757233882088,50.48835188374168,0
2024-02-03 22:00:00,0.6031844539468635,68.65734676047084,118.32557043479201,43.677507965225175,0
2024-02-03 23:00:00,0.3514439626963028,65.54403887292357,108.14151762118266,41.03446773732712,0
2024-02-04 00:00:00,0.5267050265869259,59.24092299335348,104.82066727335386,48.085914051935156,0
2024-02-04 01:00:00,0.5889630795623437,66.4042334037879,103.68733147317519,49.38135526862582,0
2024-02-04 02:00:00,0.5082283989275425,68.94434880586152,103.93797298216252,48.01160153192698,0
2024-02-04 03:00:00,0.6065480375065351,65.06410236424408,80.72327420654389,44.0798472088872,0
2024-02-04 04:00:00,0.4482711549899628,69.34371516453848,97.21116605849244,48.00050468934432,0
2024-02-04 05:00:00,0.640934744018558,70.38425941479385,108.45157971184321,51.34647376290367,0
2024-02-04 06:00:00,0.7298898123619251,68.8757200909596,99.51102816525895,49.77553484938731,0
2024-02-04 07:00:00,0.4637161439560341,66.7499870958827,85.94810153196426,50.91250515299607,0
2024-02-04 08:00:00,0.4554497478599228,70.84327335983363,99.4759554942253,46.64942399772884,0
2024-02-04 09:00:00,0.6453384477117701,72.20970324784705,117.04105516255491,55.8585895735808,0
2024-02-04 10:00:00,0.6579572145730712,64.54800461278577,112.4689171553472,44.119133317226094,0
2024-02-04 11:00:00,0.44771399728467315,77.05466189873135,99.37995990633968,52.437801485433596,0
2024-02-04 12:00:00,0.4579813182904143,69.50705933857869,109.51449277058086,55.909455464799805,0
2024-02-04 13:00:00,0.4718215391139493,70.09424811472424,96.33492979631949,52.404540463744475,0
2024-02-04 14:00:00,0.36555494889657225,73.54107211628279,82.96128413173281,48.98737886467585,0
2024-02-04 15:00:00,0.4081348053515802,71.1660806563175,90.75534011870445,47.358514766685104,0
2024-02-04 16:00:00,0.3995859233247932,74.76568316956623,115.62888768508198,55.18043825523128,0
2024-02-04 17:00:00,0.42322024348958714,71.43562082600913,97.26006918170695,42.885125373691636,0
2024-02-04 18:00:00,0.4965315112613219,66.9378131267978,97.56616020624982,45.149378698101785,0
2024-02-04 19:00:00,0.5234214732536521,71.8075176260305,97.00161803725119,48.01221117254139,0
2024-02-04 20:00:00,0.6550500492814078,64.28136896339669,119.04136589573007,56.18826878755999,0
2024-02-04 21:00:00,0.4001645959261209,70.54279852888261,116.25958915362062,51.89883818020448,0
2024-02-04 22:00:00,0.5984322398476584,69.8338500467777,122.18780233448135,45.15977120744877,1
2024-02-04 23:00:00,0.4786011155774491,68.9594157136373,98.40954789599948,48.44846147307548,0
2024-02-05 00:00:00,0.4950536290347567,69.35731244280535,102.95624488747094,46.928384279518525,0
2024-02-05 01:00:00,0.5674819492166604,60.5907547725118,84.83357450579209,46.45105503883232,0
2024-02-05 02:00:00,0.38772779784377015,67.25637546129519,114.76934426118274,54.89444779278389,0
2024-02-05 03:00:00,0.538240974618405,70.46422450570557,88.32220448732065,43.14128435368247,0
2024-02-05 04:00:00,0.5166452208213056,70.799281959987,102.16775563762629,58.04390427867187,0
2024-02-05 05:00:00,0.5492451264008149,64.8616242953702,89.02697472367156,54.14114845092311,0
2024-02-05 06:00:00,0.5289168643907818,76.3285392043235,94.11133173261304,55.45430835301849,0
2024-02-05 07:00:00,0.7455300139910894,65.66912575892749,91.627375689503,47.68530243987371,0
2024-02-05 08:00:00,0.4362260015748684,74.84728600263368,93.92124739324183,49.250296404604455,0
2024-02-05 09:00:00,0.4469003044998182,72.13597180935842,94.60877296851021,42.83424092737644,0
2024-02-05 10:00:00,0.43768594735752353,66.76886345078098,94.51731205074923,47.37668796466598,0
2024-02-05 11:00:00,0.4444522880839745,78.87655446304755,108.33333911780306,52.468274238215756,0
2024-02-05 12:00:00,0.4362612872693482,64.0318158412176,88.9513720693748,56.48031530890698,0
2024-02-05 13:00:00,0.6189016531107552,74.59577086805001,102.20541427013868,44.464215915987744,0
2024-02-05 14:00:00,0.6420504247989856,75.0029115902149,112.17959152305559,48.17247031507367,0
2024-02-05 15:00:00,0.4429253706250524,66.64689895461677,94.86803635486604,49.24350389883739,0
2024-02-05 16:00:00,0.41676444268957713,76.96232650032164,92.82081109252398,43.021053989037576,0
2024-02-05 17:00:00,0.5471415556386404,68.74976742700524,97.69475374819748,52.956746208792,0
2024-02-05 18:00:00,0.4447776955719029,71.44346814639928,111.7972520836071,46.38004834128695,0
2024-02-05 19:00:00,0.5632931817755511,71.30160919385611,101.94107630953357,49.02304824411488,0
2024-02-05 20:00:00,0.52029230208513,69.32845629264726,94.68785705392402,47.740253140440615,0
2024-02-05 21:00:00,0.34842558850027683,74.05404136579891,104.8387665118804,46.05330747140163,0
2024-02-05 22:00:00,0.6547505201330062,73.96744360276107,88.97707850163576,49.96477507259723,0
2024-02-05 23:00:00,0.6795877673095522,61.257340133809095,106.81359510442948,48.92195210715989,0
2024-02-06 00:00:00,0.4387211309515614,76.52170121439076,104.08607307701767,48.14071058860667,0
2024-02-06 01:00:00,0.4612298440064016,61.68754005982163,96.92191528861116,46.357691891598286,0
2024-02-06 02:00:00,0.5285865390724905,75.16273102170828,91.61414201552769,51.59762335391478,0
2024-02-06 03:00:00,0.5334456789987025,75.63352568413792,91.13319077716542,58.26808634246142,0
2024-02-06 04:00:00,0.5658544272672831,64.54516784892401,105.3481733634591,50.69943616419564,0
2024-02-06 05:00:00,0.7010204538766349,67.94592856022707,112.28980502489063,54.98059107455565,0
2024-02-06 06:00:00,0.4823052772505951,64.47147665757032,93.62692252971205,43.048890374232684,0
2024-02-06 07:00:00,0.4201702755461546,68.92539484855632,104.58386703551484,50.788807196468845,0
2024-02-06 08:00:00,0.3620680771985473,68.4598285790713,79.12972981397931,44.513158405144665,0
2024-02-06 09:00:00,0.42690699600580806,73.8983026613467,94.153822693428,42.615375362340494,0
2024-02-06 10:00:00,0.4966873027126203,76.55154373059804,99.68941067129099,46.30314296270482,0
2024-02-06 11:00:00,0.6794557863517787,76.97841905394978,90.90316583018166,55.959496672067864,0
2024-02-06 12:00:00,0.44823887009638286,67.18915986710849,90.63493625210404,54.75007914334823,0
2024-02-06 13:00:00,0.5223787951638899,68.95389063127736,93.32220443531114,51.215023610272,0
2024-02-06 14:00:00,0.4983577103927248,61.58280903889525,102.92192728326373,42.33649720055035,0
2024-02-06 15:00:00,0.6188393273448084,65.97064966751906,98.12670981593625,49.018596743060314,0
2024-02-06 16:00:00,0.7526932425873623,74.8242581654873,77.61768766675027,51.50850004450868,0
2024-02-06 17:00:00,0.4469131227079679,78.07791411774116,78.79299847364933,50.87768114789299,0
2024-02-06 18:00:00,0.45105605574817775,63.82825564060039,93.93134822142825,40.78103208259627,0
2024-02-06 19:00:00,0.6044160877069072,67.03767870423553,104.57686586053552,45.54841075990064,0
2024-02-06 20:00:00,0.5681891489626312,69.86797121520536,72.52495157274765,49.67961117925642,0
2024-02-06 21:00:00,0.6846707325736033,71.40080579409803,95.00269823848369,52.68145454758595,0
2024-02-06 22:00:00,0.5583928185325964,65.95198240039177,94.7375214348258,39.01936089450027,1
2024-02-06 23:00:00,0.46407079092129405,72.12030522232045,113.88337778208448,49.18938012260071,0
2024-02-07 00:00:00,0.559065483069231,67.63080326464542,96.14978188287137,50.71524384939476,0
2024-02-07 01:00:00,0.6108703580582908,69.9277386456086,103.82988984740929,54.248059942581065,0
2024-02-07 02:00:00,0.5820482181197364,72.73142124001849,101.41257140087463,53.464287921187186,0
2024-02-07 03:00:00,0.5507274031107298,70.03211134905469,78.694335201928,52.91285659404403,0
2024-02-07 04:00:00,0.6066674689589154,67.81807054736716,107.68207216631737,46.00029746649033,0
2024-02-07 05:00:00,0.6169295590445673,69.45195098037084,102.15396505456287,40.45998931438346,0
2024-02-07 06:00:00,0.6382158991037528,69.55818520397332,105.0826863967459,48.034736214693,0
2024-02-07 07:00:00,0.5648709887589642,68.14994485058936,139.26237706436325,55.0081591260428,1
2024-02-07 08:00:00,0.4832881919683146,68.70601968666449,79.15887060501412,56.96727263762216,0
2024-02-07 09:00:00,0.5146713686433323,77.99323585252358,117.24696649761108,53.55274551148893,0
2024-02-07 10:00:00,0.6206508966508357,72.8045972397062,97.12552480599645,52.14670411400867,0
2024-02-07 11:00:00,0.4183064329012764,68.5225984098542,102.87328904403009,51.898198241929826,0
2024-02-07 12:00:00,0.5368673308872901,73.48477202255368,99.54487754698758,47.219406266196096,0
2024-02-07 13:00:00,0.46066611876726393,68.33090255121995,95.75763666601956,49.3496985322319,0
2024-02-07 14:00:00,0.5028744822934818,75.86562318793321,94.30167071761241,58.34534762913165,0
2024-02-07 15:00:00,0.6278451862607299,71.84821096099047,103.29508735573009,45.28720997104062,0
2024-02-07 16:00:00,0.5191099068019903,69.46348927997886,84.8282630332832,58.07389395354926,0
2024-02-07 17:00:00,0.5046436548156149,72.23858462905139,107.50579167521765,48.38985922753971,0
2024-02-07 18:00:00,0.3640143859020081,62.145619239657506,95.83805595114745,56.62716054547539,0
2024-02-07 19:00:00,0.5746253566027221,64.36616265545098,88.69930660959642,42.96592495251231,0
2024-02-07 20:00:00,0.5645484181141075,64.03037496800472,95.49987142004187,52.92952100582325,0
2024-02-07 21:00:00,0.716325472330546,70.71471547381853,112.57149216862572,46.31614932026189,0
2024-02-07 22:00:00,0.46922217650469994,78.66257499742545,94.64664912983777,42.923664040379066,0
2024-02-07 23:00:00,0.521915032766394,81.15650073096316,103.5845361820962,51.09267021205473,0
2024-02-08 00:00:00,0.5249383683710755,73.19025550720379,92.69043724284526,55.04735894297984,0
2024-02-08 01:00:00,0.6577453279763474,72.50422237472229,107.57921849923619,45.77529280703252,0
2024-02-08 02:00:00,0.4904704467613048,60.9947113292363,106.85507738790204,42.504920197707996,0
2024-02-08 03:00:00,0.5279021525770339,67.2866310013299,118.48608833296412,49.540776178325224,0
2024-02-08 04:00:00,0.5607896509716539,66.0610812404588,98.24436054500785,49.562823356114095,0
2024-02-08 05:00:00,0.5186609123156358,66.89576200874441,106.68654804757907,52.74159813777249,0
2024-02-08 06:00:00,0.4553566385449472,69.15928090707605,100.98067539538944,54.74797285682244,0
2024-02-08 07:00:00,0.5194089992898308,67.63954711151436,112.95871781863015,49.70292409363753,0
2024-02-08 08:00:00,0.6073631749859772,60.10350094812106,92.81167612391269,59.27751657397131,0
2024-02-08 09:00:00,0.39734847005889395,73.73955128058768,107.45005312877281,51.12117372267646,0
2024-02-08 10:00:00,0.5132969674146876,64.63628487130097,98.05302703883318,48.2678674699655,0
2024-02-08 11:00:00,0.42998791850608264,71.19623432055575,99.35811822891502,41.94216320448586,0
2024-02-08 12:00:00,0.6195046628924843,80.37041334874986,100.91752484448372,48.686702398419165,0
2024-02-08 13:00:00,0.3476813095216225,65.40307704206788,102.52240396426677,48.31806527294432,0
2024-02-08 14:00:00,0.44410781527284116,57.348562386268355,98.83770956878041,54.80152398140735,0
2024-02-08 15:00:00,0.537721187506452,68.56997889059944,102.14713183170527,52.31241812033427,0
2024-02-08 16:00:00,0.6565524029234341,75.50479817499286,115.78118057562185,44.10315439183692,0
2024-02-08 17:00:00,0.49342497389270124,79.79173727110297,109.85449685615218,50.86127193205519,0
2024-02-08 18:00:00,0.44448004733068014,63.85225202773792,108.69154592496896,53.357655858645266,0
2024-02-08 19:00:00,0.688115706944059,72.48349611618261,95.44460473976129,57.640156796939166,0
2024-02-08 20:00:00,0.3551986099583756,67.67344771609973,91.10759171771676,54.4375198370703,0
2024-02-08 21:00:00,0.28011940433799176,69.47025822847932,109.55300558237752,53.804233271557386,0
2024-02-08 22:00:00,0.5440014450053332,83.22171673508518,108.76046792529795,50.300429973075815,0
2024-02-08 23:00:00,0.4497945775647389,62.48514835802423,114.72670675750982,51.94156002711725,0
2024-02-09 00:00:00,0.39787671828692867,71.26869830747287,93.9601937403077,56.24752450353079,0
2024-02-09 01:00:00,0.5708356447299353,72.33846585882716,97.70451344639653,43.33611301260175,0
2024-02-09 02:00:00,0.5243800713771198,75.42893162469673,83.60515837474566,48.25280336391522,0
2024-02-09 03:00:00,0.44359213692632715,70.48991576735447,96.07528893939127,46.137156256218795,0
2024-02-09 04:00:00,0.37196956013291055,71.54025269752051,109.96570510579447,51.89576559363062,0
2024-02-09 05:00:00,0.5872457328280145,68.04175716289105,95.33504620771802,56.15111087825394,0
2024-02-09 06:00:00,0.5650201177958661,71.34563470622554,106.40479795200824,47.01512856639463,0
2024-02-09 07:00:00,0.49008241362206173,68.28403862251295,98.09496894002189,38.04847816265281,1
2024-02-09 08:00:00,0.6846636996047666,73.10785944928026,103.2405702822156,47.93889627487765,0
2024-02-09 09:00:00,0.39299152336738474,68.15194831978182,88.52308610184332,54.567368660087034,0
2024-02-09 10:00:00,0.34744748290752614,71.88550196951093,100.852094496339,52.6881495147494,0
2024-02-09 11:00:00,0.43080919301187554,69.85368593157511,70.08864029099277,52.14093123905288,0
2024-02-09 12:00:00,0.4954413983644502,75.63025125386085,98.13103841838016,48.6000334906276,0
2024-02-09 13:00:00,0.5243339449322691,69.74303138205757,83.6952675628486,43.60484631890107,0
2024-02-09 14:00:00,0.475876394214367,61.134837658965594,112.05994516546816,52.57647160812234,0
2024-02-09 15:00:00,0.5352055396514297,76.30960750356996,107.77407352764511,45.828590949826875,0
2024-02-09 16:00:00,0.37484605758095557,65.47133849568691,104.66670981966081,60.920483666902285,0
2024-02-09 17:00:00,0.644376460407326,66.7311683067559,115.2100622715938,52.85253604177258,0
2024-02-09 18:00:00,0.4917848821607431,67.02169352978254,90.51083479175162,47.09675848723025,0
2024-02-09 19:00:00,0.6117295831588128,76.87219046585409,117.47363197915558,46.94307376305686,0
2024-02-09 20:00:00,0.5342725346377704,59.32162893010652,109.32191564260384,49.53527896693206,0
2024-02-09 21:00:00,0.5456753219153784,85.68874266829997,97.63444712781055,48.802490389891254,1
2024-02-09 22:00:00,0.5569767280232204,75.28028404533026,111.35620147182944,55.58416887764977,0
2024-02-09 23:00:00,0.5447708560017315,71.1161945706458,88.93706487588366,50.93208084872023,0
2024-02-10 00:00:00,0.5642722759867544,69.72552999691857,91.75485838472326,46.34184130545736,0
2024-02-10 01:00:00,0.6329152530132431,71.42777037428829,93.914102767603,59.45220342577891,0
2024-02-10 02:00:00,0.519652116970147,72.60561214189669,94.71022291935985,50.246541657601114,0
2024-02-10 03:00:00,0.5709003757588512,73.22607792975029,89.43442357239748,53.844198379844485,0
2024-02-10 04:00:00,0.4910264305712773,72.77802233001724,112.23083067095325,46.958867462776205,0
2024-02-10 05:00:00,0.6440117215449472,70.44790340627624,97.41145599630168,51.815578138722614,0
2024-02-10 06:00:00,0.432360769794073,69.01330789846337,103.5250496835688,51.555549955715975,0
2024-02-10 07:00:00,0.6800940432910816,69.24363358173244,94.2964863358632,40.55175353951924,0
2024-02-10 08:00:00,0.49598420493556566,69.0254585982366,81.79396699451483,60.076375552303205,0
2024-02-10 09:00:00,0.3569224897881952,75.66885048433532,102.70057358391422,56.45322230461274,0
2024-02-10 10:00:00,0.5128104414910789,72.96778361140431,80.87745024580224,48.01402341927006,0
2024-02-10 11:00:00,0.4318948342525119,55.2980568266786,99.31365953914532,44.48865129772072,0
2024-02-10 12:00:00,0.5840643548988724,73.27950388264881,86.3168496116719,51.73780806901776,0
2024-02-10 13:00:00,0.4347376020697609,70.97368097359387,119.87275999230808,50.433488497071984,0
2024-02-10 14:00:00,0.45538165667852204,69.90645621777051,109.11362722174722,51.778344742816145,0
2024-02-10 15:00:00,0.31104592690544686,68.05740773455557,101.0575379127148,50.95788698097045,0
2024-02-10 16:00:00,0.45476936807509233,75.62056359993007,112.63706677654669,52.53120494652963,0
2024-02-10 17:00:00,0.2576120673371043,74.73763231061429,91.53684022534264,57.23652849695903,0
2024-02-10 18:00:00,0.34160971765142767,66.13561166088195,105.43479378670094,52.84051602564323,0
2024-02-10 19:00:00,0.5760414656144297,72.03526143562267,101.99810433718713,44.751722505450296,0
2024-02-10 20:00:00,0.5785800158650832,65.14171632729357,102.6402008133367,56.81281426356226,0
2024-02-10 21:00:00,0.5425457561784964,63.101909176055344,112.72353500106767,58.20307281744144,0
2024-02-10 22:00:00,0.4033023856870787,66.86641387705018,107.32492102779803,65.76028367256042,0
2024-02-10 23:00:00,0.495228864385802,74.31196736191379,102.88723662825024,44.38252983380201,0
2024-02-11 00:00:00,0.49963974609094314,74.76562522688043,83.45112563771704,51.21441006575137,0
2024-02-11 01:00:00,0.38416353108074575,72.56542710048646,90.39953704720537,39.589506484055065,1
2024-02-11 02:00:00,0.650339830176715,73.62547893423998,98.77291066404275,52.765745781896044,0
2024-02-11 03:00:00,0.5877362290575672,72.5808914355748,100.93372374276652,47.25899850916613,0
2024-02-11 04:00:00,0.4779035826170336,66.79259202388523,88.69796275326075,59.617228974124764,0
2024-02-11 05:00:00,0.502688583899453,72.1596127233697,124.11676675578421,46.12692514990709,1
2024-02-11 06:00:00,0.5208382807947552,74.0020476261384,115.16394055253573,41.554084810163694,0
2024-02-11 07:00:00,0.2958265131575709,73.77145664906787,106.02118320392483,47.6436812964874,0
2024-02-11 08:00:00,0.4752822617479403,75.94456685737322,100.72036861283745,40.12256114391431,0
2024-02-11 09:00:00,0.4318015752002201,73.54151923600531,97.87791030098849,53.75549727253655,0
2024-02-11 10:00:00,0.3998379990105084,71.75724103770791,90.48081539977764,39.6745847687184,1
2024-02-11 11:00:00,0.4718899707114045,75.35075119158213,100.77480518518863,50.14228790591579,0
2024-02-11 12:00:00,0.6797686526849522,69.8673937037547,102.57752540142751,39.610940900719015,1
2024-02-11 13:00:00,0.564084286126701,65.5906267438614,87.58239424518376,48.39851097731679,0
2024-02-11 14:00:00,0.4428821010217203,69.18466518028119,103.34176417244898,58.21689077902267,0
2024-02-11 15:00:00,0.5572582781356159,66.27548677596775,98.44740951175251,51.803239457178975,0
