timestamp,vibration_level,temperature_C,pressure_PSI,flow_rate_m3h,failure
2024-01-01 00:00:00,0.318,63.53,133.837,41.887,1
2024-01-01 01:00:00,0.252,85.742,105.14,49.223,0
2024-01-01 02:00:00,0.585,70.429,82.583,50.038,0
2024-01-01 03:00:00,0.75,70.667,93.311,52.199,0
2024-01-01 04:00:00,0.54,68.369,89.092,36.84,1
2024-01-01 05:00:00,0.645,65.044,78.847,45.024,0
2024-01-01 06:00:00,0.829,60.186,81.048,62.034,1
2024-01-01 07:00:00,0.303,62.96,108.04,60.842,0
2024-01-01 08:00:00,0.538,75.543,109.209,47.751,0
2024-01-01 09:00:00,0.867,72.378,130.145,46.407,1
2024-01-01 10:00:00,0.648,56.713,113.295,56.128,0
2024-01-01 11:00:00,0.635,75.71,131.067,57.055,1
2024-01-01 12:00:00,0.636,65.202,89.183,57.499,0
2024-01-01 13:00:00,0.517,68.087,102.819,45.068,0
2024-01-01 14:00:00,0.372,76.112,138.144,45.322,1
2024-01-01 15:00:00,0.41,64.024,80.22,50.206,0
2024-01-01 16:00:00,0.663,61.053,133.812,55.103,1
2024-01-01 17:00:00,0.374,68.886,133.277,43.544,1
2024-01-01 18:00:00,0.442,67.798,115.98,54.744,0
2024-01-01 19:00:00,0.45,68.856,92.045,50.884,0
2024-01-01 20:00:00,0.817,64.939,73.474,65.974,1
2024-01-01 21:00:00,0.271,60.476,105.908,48.729,0
2024-01-01 22:00:00,0.861,59.074,114.536,46.543,1
2024-01-01 23:00:00,0.499,81.567,110.272,40.099,0
2024-01-02 00:00:00,0.455,61.189,79.124,61.914,0
2024-01-02 01:00:00,0.885,67.064,113.274,56.553,1
2024-01-02 02:00:00,0.219,67.31,95.35,53.451,0
2024-01-02 03:00:00,0.8,69.552,98.444,39.008,1
2024-01-02 04:00:00,0.541,70.545,118.417,41.644,0
2024-01-02 05:00:00,0.309,83.82,114.759,65.587,0
2024-01-02 06:00:00,0.195,61.621,133.023,65.694,1
2024-01-02 07:00:00,0.703,61.072,121.552,55.084,1
2024-01-02 08:00:00,0.291,67.678,75.298,36.629,1
2024-01-02 09:00:00,0.509,56.867,78.854,57.953,0
2024-01-02 10:00:00,0.51,76.567,120.883,63.933,1
2024-01-02 11:00:00,0.719,80.733,95.965,58.114,0
2024-01-02 12:00:00,0.342,81.646,103.761,36.588,1
2024-01-02 13:00:00,0.469,73.435,123.308,41.363,1
2024-01-02 14:00:00,0.881,74.908,104.225,53.667,1
2024-01-02 15:00:00,0.583,56.582,107.561,43.616,0
2024-01-02 16:00:00,0.728,73.337,80.641,54.309,0
2024-01-02 17:00:00,0.241,68.127,103.326,53.077,0
2024-01-02 18:00:00,0.707,85.042,123.884,59.02,1
2024-01-02 19:00:00,0.474,75.067,116.328,42.711,0
2024-01-02 20:00:00,0.77,85.66,86.618,52.509,1
2024-01-02 21:00:00,0.185,75.54,89.329,59.406,0
2024-01-02 22:00:00,0.454,55.582,126.489,40.225,1
2024-01-02 23:00:00,0.441,67.981,90.871,65.074,0
2024-01-03 00:00:00,0.875,73.016,122.995,37.611,1
2024-01-03 01:00:00,0.681,64.898,74.229,50.302,0
2024-01-03 02:00:00,0.477,57.826,91.127,52.436,0
2024-01-03 03:00:00,0.289,61.279,102.758,61.645,0
2024-01-03 04:00:00,0.248,70.748,97.617,40.763,0
2024-01-03 05:00:00,0.491,74.382,138.96,55.487,1
2024-01-03 06:00:00,0.852,65.036,96.586,64.903,1
2024-01-03 07:00:00,0.262,55.462,122.826,65.946,1
2024-01-03 08:00:00,0.646,62.83,77.984,36.888,1
2024-01-03 09:00:00,0.798,80.262,98.032,61.609,1
2024-01-03 10:00:00,0.714,72.952,94.359,43.397,0
2024-01-03 11:00:00,0.512,68.452,130.456,53.288,1
2024-01-03 12:00:00,0.219,84.499,95.521,58.554,0
2024-01-03 13:00:00,0.394,84.715,136.179,59.92,1
2024-01-03 14:00:00,0.781,78.014,102.241,57.901,0
2024-01-03 15:00:00,0.522,84.92,71.432,53.668,0
2024-01-03 16:00:00,0.252,76.892,113.381,47.49,0
2024-01-03 17:00:00,0.35,59.312,85.024,66.049,0
2024-01-03 18:00:00,0.612,78.866,95.897,64.586,0
2024-01-03 19:00:00,0.738,63.205,126.28,42.305,1
2024-01-03 20:00:00,0.574,67.822,73.447,44.994,0
2024-01-03 21:00:00,0.677,61.387,118.376,63.76,0
2024-01-03 22:00:00,0.876,66.377,87.147,55.106,1
2024-01-03 23:00:00,0.297,71.041,73.919,42.246,0
2024-01-04 00:00:00,0.407,59.629,122.213,41.265,1
2024-01-04 01:00:00,0.751,72.565,91.974,39.323,1
2024-01-04 02:00:00,0.234,55.706,71.098,46.415,0
2024-01-04 03:00:00,0.576,63.881,133.872,44.725,1
2024-01-04 04:00:00,0.724,69.682,111.546,45.776,0
2024-01-04 05:00:00,0.342,70.917,86.249,55.901,0
2024-01-04 06:00:00,0.774,62.086,126.014,57.598,1
2024-01-04 07:00:00,0.401,80.763,138.712,58.713,1
2024-01-04 08:00:00,0.528,68.792,78.439,36.057,1
2024-01-04 09:00:00,0.479,68.659,90.014,64.093,0
2024-01-04 10:00:00,0.845,67.925,88.495,58.489,1
2024-01-04 11:00:00,0.479,75.427,130.11,54.175,1
2024-01-04 12:00:00,0.605,67.697,90.117,56.934,0
2024-01-04 13:00:00,0.426,80.637,84.784,58.332,0
2024-01-04 14:00:00,0.439,70.049,131.501,60.268,1
2024-01-04 15:00:00,0.399,58.762,121.737,37.521,1
2024-01-04 16:00:00,0.577,58.628,138.917,57.616,1
2024-01-04 17:00:00,0.834,67.892,106.714,49.042,1
2024-01-04 18:00:00,0.598,72.24,118.78,64.644,0
2024-01-04 19:00:00,0.539,78.578,83.927,48.528,0
2024-01-04 20:00:00,0.529,85.264,129.725,39.776,1
2024-01-04 21:00:00,0.763,84.268,112.488,46.266,0
2024-01-04 22:00:00,0.781,82.998,138.74,36.357,1
2024-01-04 23:00:00,0.829,58.142,111.792,56.001,1
2024-01-05 00:00:00,0.513,61.608,73.736,54.511,0
2024-01-05 01:00:00,0.597,62.729,114.036,51.43,0
2024-01-05 02:00:00,0.467,62.721,134.981,38.167,1
2024-01-05 03:00:00,0.6,74.085,81.438,43.007,0
2024-01-05 04:00:00,0.716,75.233,86.467,47.546,0
2024-01-05 05:00:00,0.361,64.978,71.349,36.93,1
2024-01-05 06:00:00,0.765,82.278,116.03,36.278,1
2024-01-05 07:00:00,0.508,80.296,80.724,47.158,0
2024-01-05 08:00:00,0.353,70.571,133.869,35.97,1
2024-01-05 09:00:00,0.501,72.09,110.073,62.877,0
2024-01-05 10:00:00,0.324,77.802,128.141,60.894,1
2024-01-05 11:00:00,0.598,76.21,72.176,37.297,1
2024-01-05 12:00:00,0.256,62.134,73.217,36.646,1
2024-01-05 13:00:00,0.834,70.648,111.668,52.735,1
2024-01-05 14:00:00,0.805,69.687,119.147,51.051,0
2024-01-05 15:00:00,0.639,75.685,86.496,49.83,0
2024-01-05 16:00:00,0.797,80.961,122.13,52.196,1
2024-01-05 17:00:00,0.264,84.604,83.592,51.708,0
2024-01-05 18:00:00,0.396,72.128,114.042,60.995,0
2024-01-05 19:00:00,0.53,73.824,78.356,35.889,1
2024-01-05 20:00:00,0.345,66.252,109.044,53.276,0
2024-01-05 21:00:00,0.558,79.732,96.047,55.211,0
2024-01-05 22:00:00,0.529,63.002,90.707,58.776,0
2024-01-05 23:00:00,0.214,59.825,110.314,56.824,0
2024-01-06 00:00:00,0.319,66.373,117.148,62.985,0
2024-01-06 01:00:00,0.595,56.145,120.204,36.663,1
2024-01-06 02:00:00,0.67,82.163,72.734,36.182,1
2024-01-06 03:00:00,0.194,62.246,81.384,46.258,0
2024-01-06 04:00:00,0.741,83.072,96.463,63.019,0
2024-01-06 05:00:00,0.192,64.536,82.92,44.414,0
2024-01-06 06:00:00,0.636,79.505,108.231,52.96,0
2024-01-06 07:00:00,0.482,63.656,128.353,49.453,1
2024-01-06 08:00:00,0.829,85.24,123.084,41.329,1
2024-01-06 09:00:00,0.639,76.162,91.909,50.617,0
2024-01-06 10:00:00,0.848,85.284,102.375,43.023,1
2024-01-06 11:00:00,0.561,76.04,110.648,64.359,0
2024-01-06 12:00:00,0.603,71.661,92.297,64.715,0
2024-01-06 13:00:00,0.179,65.905,85.275,60.393,0
2024-01-06 14:00:00,0.33,85.364,132.024,42.849,1
2024-01-06 15:00:00,0.665,56.519,74.557,37.398,1
2024-01-06 16:00:00,0.596,68.846,77.444,45.916,0
2024-01-06 17:00:00,0.182,55.388,138.704,58.758,1
2024-01-06 18:00:00,0.744,56.005,87.764,58.203,0
2024-01-06 19:00:00,0.652,76.52,91.628,47.409,0
2024-01-06 20:00:00,0.354,84.734,106.346,49.469,0
2024-01-06 21:00:00,0.266,71.509,135.316,46.326,1
2024-01-06 22:00:00,0.275,85.343,100.534,49.956,0
2024-01-06 23:00:00,0.765,85.378,107.545,58.312,0
2024-01-07 00:00:00,0.662,67.251,72.381,64.409,0
2024-01-07 01:00:00,0.464,68.179,85.578,38.209,1
2024-01-07 02:00:00,0.805,77.75,75.385,61.706,1
2024-01-07 03:00:00,0.61,81.205,85.252,64.111,0
2024-01-07 04:00:00,0.571,74.085,111.462,40.399,0
2024-01-07 05:00:00,0.234,65.779,128.351,49.195,1
2024-01-07 06:00:00,0.233,85.299,77.274,38.324,1
2024-01-07 07:00:00,0.223,55.303,131.667,52.752,1
2024-01-07 08:00:00,0.297,72.238,97.738,63.847,0
2024-01-07 09:00:00,0.76,73.301,96.885,65.895,0
2024-01-07 10:00:00,0.273,74.432,80.106,43.833,0
2024-01-07 11:00:00,0.847,59.825,97.743,46.69,1
2024-01-07 12:00:00,0.422,64.73,116.313,50.217,0
2024-01-07 13:00:00,0.215,67.619,117.529,44.501,0
2024-01-07 14:00:00,0.842,72.304,80.105,42.099,1
2024-01-07 15:00:00,0.527,79.231,124.326,51.356,1
2024-01-07 16:00:00,0.387,83.052,128.049,50.663,1
2024-01-07 17:00:00,0.88,81.384,113.854,65.744,1
2024-01-07 18:00:00,0.204,73.431,108.83,47.482,0
2024-01-07 19:00:00,0.723,56.938,128.696,63.394,1
2024-01-07 20:00:00,0.519,74.417,129.293,35.463,1
2024-01-07 21:00:00,0.492,55.481,71.998,51.484,0
2024-01-07 22:00:00,0.53,77.089,123.117,56.923,1
2024-01-07 23:00:00,0.614,83.672,92.736,65.228,0
2024-01-08 00:00:00,0.682,55.836,101.475,42.971,0
2024-01-08 01:00:00,0.201,80.295,105.734,55.757,0
2024-01-08 02:00:00,0.766,83.506,119.259,61.725,0
2024-01-08 03:00:00,0.751,70.483,137.696,45.135,1
2024-01-08 04:00:00,0.645,78.978,105.693,62.187,0
2024-01-08 05:00:00,0.597,77.897,136.324,56.16,1
2024-01-08 06:00:00,0.56,85.336,73.465,46.089,0
2024-01-08 07:00:00,0.262,74.262,71.875,55.384,0
2024-01-08 08:00:00,0.854,85.6,89.073,58.372,1
2024-01-08 09:00:00,0.307,70.843,125.682,57.467,1
2024-01-08 10:00:00,0.43,57.124,72.978,61.191,0
2024-01-08 11:00:00,0.243,62.038,103.628,51.924,0
2024-01-08 12:00:00,0.182,58.365,137.663,43.657,1
2024-01-08 13:00:00,0.533,57.329,101.901,57.632,0
2024-01-08 14:00:00,0.258,81.369,108.612,59.623,0
2024-01-08 15:00:00,0.427,77.543,119.825,53.693,0
2024-01-08 16:00:00,0.671,83.979,125.388,55.03,1
2024-01-08 17:00:00,0.763,80.867,117.416,40.629,0
2024-01-08 18:00:00,0.334,57.726,84.101,38.265,1
2024-01-08 19:00:00,0.665,72.985,105.035,38.973,1
2024-01-08 20:00:00,0.384,84.399,136.839,42.765,1
2024-01-08 21:00:00,0.839,67.021,95.148,65.977,1
2024-01-08 22:00:00,0.728,68.975,84.783,36.325,1
2024-01-08 23:00:00,0.672,82.327,98.863,54.269,0
2024-01-09 00:00:00,0.54,84.524,102.814,62.155,0
2024-01-09 01:00:00,0.828,63.846,99.511,40.896,1
2024-01-09 02:00:00,0.391,67.485,89.732,63.271,0
2024-01-09 03:00:00,0.748,79.638,135.383,53.529,1
2024-01-09 04:00:00,0.573,83.576,112.662,46.262,0
2024-01-09 05:00:00,0.389,77.686,123.625,59.962,1
2024-01-09 06:00:00,0.624,75.089,75.194,50.35,0
2024-01-09 07:00:00,0.335,69.678,81.769,62.303,0
2024-01-09 08:00:00,0.198,63.02,118.96,37.148,1
2024-01-09 09:00:00,0.289,60.623,135.812,55.381,1
2024-01-09 10:00:00,0.727,77.659,118.748,62.625,0
2024-01-09 11:00:00,0.474,79.517,114.837,53.603,0
2024-01-09 12:00:00,0.456,71.135,82.03,36.641,1
2024-01-09 13:00:00,0.616,74.763,72.161,49.678,0
2024-01-09 14:00:00,0.212,76.822,121.634,42.26,1
2024-01-09 15:00:00,0.287,81.513,86.833,42.042,0
2024-01-09 16:00:00,0.684,57.853,71.074,40.636,0
2024-01-09 17:00:00,0.419,55.318,118.694,42.841,0
2024-01-09 18:00:00,0.621,70.674,122.977,38.992,1
2024-01-09 19:00:00,0.711,64.02,96.707,52.368,0
2024-01-09 20:00:00,0.185,65.58,94.156,61.999,0
2024-01-09 21:00:00,0.831,83.324,107.827,51.92,1
2024-01-09 22:00:00,0.616,79.663,112.714,60.631,0
2024-01-09 23:00:00,0.507,60.782,70.877,63.386,0
2024-01-10 00:00:00,0.551,74.936,82.162,42.348,0
2024-01-10 01:00:00,0.212,80.643,125.591,39.995,1
2024-01-10 02:00:00,0.812,60.837,125.271,42.562,1
2024-01-10 03:00:00,0.311,67.28,70.094,40.049,0
2024-01-10 04:00:00,0.402,69.454,104.732,48.167,0
2024-01-10 05:00:00,0.81,79.915,94.058,50.52,0
2024-01-10 06:00:00,0.867,60.056,111.569,60.231,1
2024-01-10 07:00:00,0.45,61.057,131.894,39.988,1
2024-01-10 08:00:00,0.558,77.619,92.223,55.855,0
2024-01-10 09:00:00,0.309,80.232,118.362,37.076,1
2024-01-10 10:00:00,0.834,68.358,121.034,50.267,1
2024-01-10 11:00:00,0.624,76.366,123.404,55.647,1
2024-01-10 12:00:00,0.385,70.316,84.071,52.682,0
2024-01-10 13:00:00,0.44,72.422,108.304,38.017,1
2024-01-10 14:00:00,0.288,73.418,94.013,40.703,0
2024-01-10 15:00:00,0.7,56.224,82.435,52.674,0
2024-01-10 16:00:00,0.87,55.913,135.238,62.033,1
2024-01-10 17:00:00,0.356,65.804,125.678,62.331,1
2024-01-10 18:00:00,0.545,75.07,105.515,58.382,0
2024-01-10 19:00:00,0.408,83.57,72.999,47.014,0
2024-01-10 20:00:00,0.422,74.943,88.602,58.834,0
2024-01-10 21:00:00,0.311,61.605,105.305,66.069,0
2024-01-10 22:00:00,0.694,82.391,107.786,35.357,1
2024-01-10 23:00:00,0.562,73.764,75.373,61.642,0
2024-01-11 00:00:00,0.88,57.251,87.577,64.275,1
2024-01-11 01:00:00,0.695,72.981,95.67,62.256,0
2024-01-11 02:00:00,0.655,65.136,131.662,40.97,1
2024-01-11 03:00:00,0.23,76.153,92.354,51.693,0
2024-01-11 04:00:00,0.56,82.843,76.197,35.454,1
2024-01-11 05:00:00,0.475,57.287,92.648,62.306,0
2024-01-11 06:00:00,0.623,61.981,112.872,60.046,0
2024-01-11 07:00:00,0.806,68.034,137.863,59.647,1
2024-01-11 08:00:00,0.813,73.179,86.79,52.601,0
2024-01-11 09:00:00,0.177,56.86,75.783,55.585,0
2024-01-11 10:00:00,0.33,84.944,100.301,43.418,0
2024-01-11 11:00:00,0.7,63.659,127.373,43.128,1
2024-01-11 12:00:00,0.811,61.691,108.248,57.769,0
2024-01-11 13:00:00,0.686,64.98,79.573,43.042,0
2024-01-11 14:00:00,0.728,77.033,79.185,36.217,1
2024-01-11 15:00:00,0.811,69.212,85.801,45.305,0
2024-01-11 16:00:00,0.257,59.337,108.261,58.523,0
2024-01-11 17:00:00,0.869,63.339,77.779,60.904,1
2024-01-11 18:00:00,0.506,69.766,105.05,53.605,0
2024-01-11 19:00:00,0.38,62.238,125.513,38.81,1
2024-01-11 20:00:00,0.693,69.494,135.127,38.102,1
2024-01-11 21:00:00,0.8,73.25,94.015,42.604,0
2024-01-11 22:00:00,0.563,71.119,89.23,37.443,1
2024-01-11 23:00:00,0.619,81.672,80.136,45.547,0
2024-01-12 00:00:00,0.32,74.202,84.106,63.002,0
2024-01-12 01:00:00,0.508,63.84,94.825,53.858,0
2024-01-12 02:00:00,0.306,69.909,89.675,61.088,0
2024-01-12 03:00:00,0.39,66.032,137.32,42.782,1
2024-01-12 04:00:00,0.598,57.18,111.869,54.148,0
2024-01-12 05:00:00,0.62,71.522,110.493,65.427,0
2024-01-12 06:00:00,0.227,71.088,78.642,58.285,0
2024-01-12 07:00:00,0.389,63.877,85.606,46.127,0
2024-01-12 08:00:00,0.437,66.724,115.239,59.69,0
2024-01-12 09:00:00,0.543,83.368,127.265,42.205,1
2024-01-12 10:00:00,0.387,84.741,86.307,43.601,0
2024-01-12 11:00:00,0.186,74.837,82.35,65.377,0
2024-01-12 12:00:00,0.669,75.656,129.214,60.952,1
2024-01-12 13:00:00,0.339,60.953,73.755,39.621,1
2024-01-12 14:00:00,0.527,68.627,119.382,50.927,0
2024-01-12 15:00:00,0.207,71.491,122.858,47.008,1
2024-01-12 16:00:00,0.518,64.805,89.441,48.177,0
2024-01-12 17:00:00,0.364,84.108,82.834,57.095,0
2024-01-12 18:00:00,0.452,77.244,99.698,36.211,1
2024-01-12 19:00:00,0.21,78.071,139.026,42.543,1
2024-01-12 20:00:00,0.777,60.324,112.14,62.182,0
2024-01-12 21:00:00,0.543,74.26,83.016,50.004,0
2024-01-12 22:00:00,0.791,84.635,137.059,65.45,1
2024-01-12 23:00:00,0.624,65.603,108.425,38.998,1
2024-01-13 00:00:00,0.811,70.189,137.388,55.216,1
2024-01-13 01:00:00,0.497,63.653,109.042,58.053,0
2024-01-13 02:00:00,0.811,62.928,126.0,48.312,1
2024-01-13 03:00:00,0.673,74.406,78.061,62.439,0
2024-01-13 04:00:00,0.733,60.139,102.148,38.648,1
2024-01-13 05:00:00,0.668,67.273,76.227,54.772,0
2024-01-13 06:00:00,0.666,72.771,70.726,38.165,1
2024-01-13 07:00:00,0.748,55.418,107.969,40.015,0
2024-01-13 08:00:00,0.655,75.723,75.606,58.363,0
2024-01-13 09:00:00,0.325,58.459,135.522,45.53,1
2024-01-13 10:00:00,0.382,57.379,94.587,52.464,0
2024-01-13 11:00:00,0.37,82.834,115.658,45.041,0
2024-01-13 12:00:00,0.236,65.548,105.88,43.218,0
2024-01-13 13:00:00,0.669,78.372,95.615,40.716,0
2024-01-13 14:00:00,0.708,70.378,130.821,60.068,1
2024-01-13 15:00:00,0.858,70.563,107.388,45.65,1
2024-01-13 16:00:00,0.455,55.856,69.811,61.428,0
2024-01-13 17:00:00,0.591,76.413,108.095,40.85,0
2024-01-13 18:00:00,0.547,68.665,110.665,58.001,0
2024-01-13 19:00:00,0.306,73.839,117.447,36.842,1
2024-01-13 20:00:00,0.452,84.356,128.738,51.312,1
2024-01-13 21:00:00,0.583,56.619,96.079,50.729,0
2024-01-13 22:00:00,0.714,76.28,137.91,58.22,1
2024-01-13 23:00:00,0.451,56.849,104.355,65.301,0
2024-01-14 00:00:00,0.19,83.362,131.96,63.573,1
2024-01-14 01:00:00,0.675,62.312,111.265,54.385,0
2024-01-14 02:00:00,0.502,68.116,128.635,36.387,1
2024-01-14 03:00:00,0.855,73.531,70.393,37.057,1
2024-01-14 04:00:00,0.66,59.959,130.687,42.022,1
2024-01-14 05:00:00,0.758,55.937,80.651,47.014,0
2024-01-14 06:00:00,0.807,81.352,107.712,59.259,0
2024-01-14 07:00:00,0.511,68.904,81.464,54.78,0
2024-01-14 08:00:00,0.263,61.329,74.03,41.896,0
2024-01-14 09:00:00,0.796,85.775,70.615,39.604,1
2024-01-14 10:00:00,0.428,71.176,99.361,63.211,0
2024-01-14 11:00:00,0.648,78.648,75.341,60.118,0
2024-01-14 12:00:00,0.185,61.037,113.109,61.908,0
2024-01-14 13:00:00,0.57,82.294,81.761,40.045,0
2024-01-14 14:00:00,0.874,62.842,99.907,64.634,1
2024-01-14 15:00:00,0.404,71.548,76.251,48.458,0
2024-01-14 16:00:00,0.546,60.018,107.144,55.119,0
2024-01-14 17:00:00,0.823,66.689,116.323,44.121,0
2024-01-14 18:00:00,0.451,73.653,101.395,39.075,1
2024-01-14 19:00:00,0.195,66.194,126.01,53.763,1
2024-01-14 20:00:00,0.672,64.74,75.887,35.799,1
2024-01-14 21:00:00,0.758,68.668,87.287,65.043,0
2024-01-14 22:00:00,0.495,85.836,88.944,40.18,0
2024-01-14 23:00:00,0.753,84.116,84.901,44.046,0
2024-01-15 00:00:00,0.834,77.701,90.883,43.21,1
2024-01-15 01:00:00,0.715,62.654,94.927,48.506,0
2024-01-15 02:00:00,0.234,62.169,100.624,55.678,0
2024-01-15 03:00:00,0.839,56.835,136.539,43.314,1
2024-01-15 04:00:00,0.239,85.344,73.192,38.429,1
2024-01-15 05:00:00,0.694,73.605,136.355,47.203,1
2024-01-15 06:00:00,0.287,60.218,123.205,36.799,1
2024-01-15 07:00:00,0.193,81.647,103.43,53.238,0
2024-01-15 08:00:00,0.861,62.267,85.691,55.906,1
2024-01-15 09:00:00,0.814,71.733,117.715,59.491,0
2024-01-15 10:00:00,0.862,78.857,100.517,44.953,1
2024-01-15 11:00:00,0.313,56.561,90.178,50.401,0
2024-01-15 12:00:00,0.377,64.845,83.134,53.759,0
2024-01-15 13:00:00,0.646,82.492,95.722,52.523,0
2024-01-15 14:00:00,0.698,64.948,70.187,51.299,0
2024-01-15 15:00:00,0.228,62.087,93.833,43.399,0
2024-01-15 16:00:00,0.801,85.103,120.904,56.94,1
2024-01-15 17:00:00,0.677,81.601,116.906,55.807,0
2024-01-15 18:00:00,0.719,60.829,138.624,64.493,1
2024-01-15 19:00:00,0.378,69.398,123.656,46.5,1
2024-01-15 20:00:00,0.313,84.35,93.684,50.301,0
2024-01-15 21:00:00,0.282,81.227,124.738,54.715,1
2024-01-15 22:00:00,0.209,59.213,115.042,61.343,0
2024-01-15 23:00:00,0.439,68.676,108.643,41.901,0
2024-01-16 00:00:00,0.702,84.742,74.691,46.744,0
2024-01-16 01:00:00,0.275,66.074,115.438,40.728,0
2024-01-16 02:00:00,0.64,81.68,120.548,46.285,1
2024-01-16 03:00:00,0.702,69.913,135.086,45.8,1
2024-01-16 04:00:00,0.588,56.343,92.783,58.688,0
2024-01-16 05:00:00,0.467,70.78,115.493,55.28,0
2024-01-16 06:00:00,0.875,72.06,115.764,46.94,1
2024-01-16 07:00:00,0.692,82.961,94.364,53.191,0
2024-01-16 08:00:00,0.266,63.98,91.607,65.538,0
2024-01-16 09:00:00,0.473,57.268,134.607,49.782,1
2024-01-16 10:00:00,0.597,63.2,123.364,61.683,1
2024-01-16 11:00:00,0.607,71.62,122.699,63.884,1
2024-01-16 12:00:00,0.536,75.683,111.37,47.635,0
2024-01-16 13:00:00,0.563,81.135,89.675,48.421,0
2024-01-16 14:00:00,0.393,69.919,128.495,43.448,1
2024-01-16 15:00:00,0.581,67.295,104.38,53.937,0
2024-01-16 16:00:00,0.742,67.191,122.779,40.041,1
2024-01-16 17:00:00,0.453,69.031,122.706,59.688,1
2024-01-16 18:00:00,0.203,56.562,95.258,63.349,0
2024-01-16 19:00:00,0.648,62.031,129.216,51.28,1
2024-01-16 20:00:00,0.219,71.418,71.875,45.116,0
2024-01-16 21:00:00,0.872,64.694,73.911,59.818,1
2024-01-16 22:00:00,0.388,83.661,127.959,58.564,1
2024-01-16 23:00:00,0.695,64.117,77.983,65.915,0
2024-01-17 00:00:00,0.781,63.632,117.338,43.443,0
2024-01-17 01:00:00,0.749,75.824,133.475,42.692,1
2024-01-17 02:00:00,0.442,64.552,83.705,50.677,0
2024-01-17 03:00:00,0.665,61.692,87.116,37.974,1
2024-01-17 04:00:00,0.302,75.856,133.586,54.989,1
2024-01-17 05:00:00,0.709,66.104,80.651,51.598,0
2024-01-17 06:00:00,0.433,79.448,117.623,56.769,0
2024-01-17 07:00:00,0.358,80.817,111.241,59.075,0
2024-01-17 08:00:00,0.875,73.297,88.158,53.175,1
2024-01-17 09:00:00,0.557,75.099,97.78,63.961,0
2024-01-17 10:00:00,0.797,57.64,108.593,57.032,0
2024-01-17 11:00:00,0.474,79.906,76.371,50.979,0
2024-01-17 12:00:00,0.867,83.977,122.495,41.118,1
2024-01-17 13:00:00,0.69,57.997,85.897,39.767,1
2024-01-17 14:00:00,0.321,64.938,101.918,63.775,0
2024-01-17 15:00:00,0.704,56.209,83.851,57.757,0
2024-01-17 16:00:00,0.691,80.161,129.1,41.321,1
2024-01-17 17:00:00,0.476,56.636,76.547,65.541,0
2024-01-17 18:00:00,0.705,74.17,83.791,66.174,0
2024-01-17 19:00:00,0.682,85.754,123.991,52.209,1
2024-01-17 20:00:00,0.876,84.04,104.854,38.755,1
2024-01-17 21:00:00,0.345,64.848,99.005,59.478,0
2024-01-17 22:00:00,0.467,62.54,131.314,37.869,1
2024-01-17 23:00:00,0.667,62.349,127.121,59.749,1
2024-01-18 00:00:00,0.325,58.389,125.958,43.57,1
2024-01-18 01:00:00,0.589,75.516,133.298,55.177,1
2024-01-18 02:00:00,0.317,57.376,111.937,47.511,0
2024-01-18 03:00:00,0.208,68.972,104.059,55.145,0
2024-01-18 04:00:00,0.605,65.885,114.074,39.562,1
2024-01-18 05:00:00,0.532,71.937,76.344,43.17,0
2024-01-18 06:00:00,0.306,78.872,71.193,42.223,0
2024-01-18 07:00:00,0.564,56.338,105.85,39.193,1
2024-01-18 08:00:00,0.754,55.867,96.589,52.213,0
2024-01-18 09:00:00,0.283,74.802,91.736,64.359,0
2024-01-18 10:00:00,0.563,71.676,100.706,61.548,0
2024-01-18 11:00:00,0.357,67.404,105.483,56.047,0
2024-01-18 12:00:00,0.3,64.415,84.849,54.661,0
2024-01-18 13:00:00,0.685,84.241,75.372,49.585,0
2024-01-18 14:00:00,0.494,74.094,102.825,64.583,0
2024-01-18 15:00:00,0.71,77.708,120.88,52.401,1
2024-01-18 16:00:00,0.828,69.517,107.216,56.992,1
2024-01-18 17:00:00,0.53,64.435,112.016,66.043,0
2024-01-18 18:00:00,0.762,72.476,90.19,39.732,1
2024-01-18 19:00:00,0.329,65.058,112.792,46.837,0
2024-01-18 20:00:00,0.587,58.231,95.013,49.783,0
2024-01-18 21:00:00,0.496,55.823,94.23,57.654,0
2024-01-18 22:00:00,0.246,70.408,82.731,61.416,0
2024-01-18 23:00:00,0.322,68.076,70.821,65.971,0
2024-01-19 00:00:00,0.181,78.476,129.54,47.613,1
2024-01-19 01:00:00,0.358,66.251,117.848,50.461,0
2024-01-19 02:00:00,0.81,62.885,96.071,65.12,1
2024-01-19 03:00:00,0.655,77.153,122.222,49.356,1
2024-01-19 04:00:00,0.597,84.41,92.062,42.499,0
2024-01-19 05:00:00,0.223,73.114,106.835,60.916,0
2024-01-19 06:00:00,0.742,65.727,113.825,45.344,0
2024-01-19 07:00:00,0.208,61.744,88.388,50.367,0
2024-01-19 08:00:00,0.555,75.342,137.237,48.894,1
2024-01-19 09:00:00,0.656,71.639,78.178,36.278,1
2024-01-19 10:00:00,0.448,62.155,90.821,38.229,1
2024-01-19 11:00:00,0.407,73.323,70.053,37.533,1
2024-01-19 12:00:00,0.865,73.031,77.963,43.519,1
2024-01-19 13:00:00,0.457,57.761,98.062,43.694,0
2024-01-19 14:00:00,0.672,56.07,105.713,37.524,1
2024-01-19 15:00:00,0.286,59.089,114.496,50.356,0
2024-01-19 16:00:00,0.351,57.468,114.484,44.108,0
2024-01-19 17:00:00,0.692,76.551,78.438,48.396,0
2024-01-19 18:00:00,0.58,75.996,119.034,40.671,0
2024-01-19 19:00:00,0.505,56.645,84.629,38.242,1
2024-01-19 20:00:00,0.18,76.141,133.118,46.794,1
2024-01-19 21:00:00,0.725,61.772,126.165,45.718,1
2024-01-19 22:00:00,0.398,72.205,102.648,40.776,0
2024-01-19 23:00:00,0.642,80.22,97.133,60.753,0
2024-01-20 00:00:00,0.582,77.678,96.746,52.38,0
2024-01-20 01:00:00,0.245,80.228,135.424,56.613,1
2024-01-20 02:00:00,0.608,62.743,119.543,56.877,0
2024-01-20 03:00:00,0.39,71.603,71.524,35.865,1
2024-01-20 04:00:00,0.184,76.408,70.601,45.446,0
2024-01-20 05:00:00,0.276,57.622,94.983,63.335,0
2024-01-20 06:00:00,0.241,68.52,115.628,41.608,0
2024-01-20 07:00:00,0.501,58.825,118.458,55.94,0
2024-01-20 08:00:00,0.255,62.526,77.123,48.906,0
2024-01-20 09:00:00,0.711,84.222,118.06,39.121,1
2024-01-20 10:00:00,0.356,62.901,117.35,62.967,0
2024-01-20 11:00:00,0.856,62.11,96.603,39.394,1
2024-01-20 12:00:00,0.624,83.161,135.428,35.892,1
2024-01-20 13:00:00,0.441,83.968,123.702,61.27,1
2024-01-20 14:00:00,0.242,75.438,93.507,38.1,1
2024-01-20 15:00:00,0.606,69.308,94.648,42.461,0
2024-01-20 16:00:00,0.325,75.398,82.123,41.522,0
2024-01-20 17:00:00,0.776,56.555,82.163,41.454,0
2024-01-20 18:00:00,0.472,81.569,120.552,36.193,1
2024-01-20 19:00:00,0.331,56.817,94.582,52.572,0
2024-01-20 20:00:00,0.258,79.607,74.602,35.451,1
2024-01-20 21:00:00,0.417,73.51,102.19,59.242,0
2024-01-20 22:00:00,0.782,60.024,138.927,64.033,1
2024-01-20 23:00:00,0.523,60.462,76.109,39.121,1
2024-01-21 00:00:00,0.843,78.305,100.594,36.508,1
2024-01-21 01:00:00,0.416,77.724,89.07,45.901,0
2024-01-21 02:00:00,0.4,85.086,106.148,55.703,0
2024-01-21 03:00:00,0.244,80.588,138.344,47.839,1
2024-01-21 04:00:00,0.725,66.853,137.622,55.09,1
2024-01-21 05:00:00,0.804,64.446,92.753,59.31,1
2024-01-21 06:00:00,0.677,63.789,104.844,44.734,0
2024-01-21 07:00:00,0.338,70.855,70.972,58.111,0
2024-01-21 08:00:00,0.661,82.413,103.369,40.857,0
2024-01-21 09:00:00,0.26,62.534,136.87,40.295,1
2024-01-21 10:00:00,0.181,82.593,78.784,59.263,0
2024-01-21 11:00:00,0.549,67.94,91.158,66.095,0
2024-01-21 12:00:00,0.346,82.506,94.007,61.002,0
2024-01-21 13:00:00,0.349,73.018,137.465,37.566,1
2024-01-21 14:00:00,0.884,56.252,84.653,37.703,1
2024-01-21 15:00:00,0.528,69.927,94.584,54.307,0
2024-01-21 16:00:00,0.353,68.479,86.701,65.808,0
2024-01-21 17:00:00,0.542,66.849,101.96,53.913,0
2024-01-21 18:00:00,0.501,71.769,130.468,51.747,1
2024-01-21 19:00:00,0.811,59.279,92.796,50.184,0
2024-01-21 20:00:00,0.69,68.876,76.475,62.492,0
2024-01-21 21:00:00,0.243,55.834,98.014,44.624,0
2024-01-21 22:00:00,0.765,71.232,118.3,64.578,0
2024-01-21 23:00:00,0.64,81.295,97.128,53.545,0
2024-01-22 00:00:00,0.446,59.971,134.399,50.464,1
2024-01-22 01:00:00,0.216,61.141,132.73,47.626,1
2024-01-22 02:00:00,0.744,77.502,89.966,62.572,0
2024-01-22 03:00:00,0.802,66.275,120.5,48.227,1
2024-01-22 04:00:00,0.249,55.83,100.639,37.489,1
2024-01-22 05:00:00,0.579,62.729,126.783,55.959,1
2024-01-22 06:00:00,0.432,64.26,123.266,56.574,1
2024-01-22 07:00:00,0.838,63.35,74.35,56.105,1
2024-01-22 08:00:00,0.874,80.837,111.143,62.862,1
2024-01-22 09:00:00,0.366,61.635,97.945,55.121,0
2024-01-22 10:00:00,0.44,81.829,133.707,54.919,1
2024-01-22 11:00:00,0.487,83.902,119.615,62.969,0
2024-01-22 12:00:00,0.255,55.442,116.525,37.041,1
2024-01-22 13:00:00,0.217,76.884,89.471,38.12,1
2024-01-22 14:00:00,0.838,59.448,132.292,35.4,1
2024-01-22 15:00:00,0.875,58.218,75.887,43.255,1
2024-01-22 16:00:00,0.769,69.84,124.452,52.033,1
2024-01-22 17:00:00,0.185,70.974,89.547,49.098,0
2024-01-22 18:00:00,0.869,66.778,101.665,41.456,1
2024-01-22 19:00:00,0.291,68.683,94.049,53.703,0
2024-01-22 20:00:00,0.438,66.182,112.097,52.378,0
2024-01-22 21:00:00,0.289,72.924,114.887,51.88,0
2024-01-22 22:00:00,0.33,78.824,71.903,46.575,0
2024-01-22 23:00:00,0.216,55.308,87.802,46.909,0
2024-01-23 00:00:00,0.41,77.191,92.719,60.597,0
2024-01-23 01:00:00,0.58,75.3,80.828,40.592,0
2024-01-23 02:00:00,0.704,71.11,84.582,58.494,0
2024-01-23 03:00:00,0.622,68.095,110.386,48.722,0
2024-01-23 04:00:00,0.439,84.818,107.285,65.954,0
2024-01-23 05:00:00,0.759,66.861,133.596,42.892,1
2024-01-23 06:00:00,0.217,78.093,123.682,44.433,1
2024-01-23 07:00:00,0.428,67.602,101.263,53.674,0
2024-01-23 08:00:00,0.284,70.291,135.121,49.313,1
2024-01-23 09:00:00,0.623,85.097,91.237,40.665,0
2024-01-23 10:00:00,0.208,68.473,114.809,56.973,0
2024-01-23 11:00:00,0.519,80.176,82.509,50.002,0
2024-01-23 12:00:00,0.579,76.544,122.599,57.12,1
2024-01-23 13:00:00,0.404,57.735,109.357,54.925,0
2024-01-23 14:00:00,0.558,70.997,120.676,44.581,1
2024-01-23 15:00:00,0.21,67.217,120.989,52.558,1
2024-01-23 16:00:00,0.349,60.754,112.188,50.364,0
2024-01-23 17:00:00,0.801,68.432,72.086,42.825,0
2024-01-23 18:00:00,0.409,63.336,74.917,49.905,0
2024-01-23 19:00:00,0.66,77.436,79.568,62.186,0
2024-01-23 20:00:00,0.631,84.306,74.699,50.14,0
2024-01-23 21:00:00,0.553,75.286,126.36,44.801,1
2024-01-23 22:00:00,0.884,72.516,97.048,64.732,1
2024-01-23 23:00:00,0.42,60.214,138.766,52.141,1
2024-01-24 00:00:00,0.603,69.6,94.363,51.633,0
2024-01-24 01:00:00,0.637,68.395,124.246,64.254,1
2024-01-24 02:00:00,0.852,67.034,121.769,48.162,1
2024-01-24 03:00:00,0.371,68.757,119.131,49.379,0
2024-01-24 04:00:00,0.352,62.954,105.83,36.355,1
2024-01-24 05:00:00,0.736,84.014,119.604,35.497,1
2024-01-24 06:00:00,0.621,74.368,137.55,36.562,1
2024-01-24 07:00:00,0.529,76.993,115.123,64.104,0
2024-01-24 08:00:00,0.453,62.307,95.966,45.973,0
2024-01-24 09:00:00,0.314,84.059,131.539,41.705,1
2024-01-24 10:00:00,0.664,55.786,100.437,45.474,0
2024-01-24 11:00:00,0.603,72.832,93.49,37.456,1
2024-01-24 12:00:00,0.546,57.953,136.244,51.669,1
2024-01-24 13:00:00,0.71,70.41,125.59,62.285,1
2024-01-24 14:00:00,0.611,79.371,105.552,42.847,0
2024-01-24 15:00:00,0.714,67.075,103.387,49.429,0
2024-01-24 16:00:00,0.732,81.775,113.214,65.809,0
2024-01-24 17:00:00,0.558,65.381,75.782,61.227,0
2024-01-24 18:00:00,0.32,78.091,79.655,37.112,1
2024-01-24 19:00:00,0.406,79.411,87.408,53.17,0
2024-01-24 20:00:00,0.418,58.148,72.467,53.762,0
2024-01-24 21:00:00,0.533,62.783,113.33,62.625,0
2024-01-24 22:00:00,0.705,67.515,94.837,38.261,1
2024-01-24 23:00:00,0.443,61.559,86.255,54.795,0
2024-01-25 00:00:00,0.632,74.656,86.06,49.111,0
2024-01-25 01:00:00,0.355,72.56,70.24,64.541,0
2024-01-25 02:00:00,0.449,74.4,130.977,54.698,1
2024-01-25 03:00:00,0.186,71.065,97.203,62.11,0
2024-01-25 04:00:00,0.805,84.399,108.51,55.714,0
2024-01-25 05:00:00,0.321,77.551,102.615,64.148,0
2024-01-25 06:00:00,0.793,77.875,133.973,59.992,1
2024-01-25 07:00:00,0.403,81.465,126.38,54.339,1
2024-01-25 08:00:00,0.799,61.6,83.831,42.878,0
2024-01-25 09:00:00,0.783,78.803,84.44,63.874,0
2024-01-25 10:00:00,0.548,58.044,133.765,43.629,1
2024-01-25 11:00:00,0.554,65.638,138.225,54.622,1
2024-01-25 12:00:00,0.387,63.531,104.419,57.745,0
2024-01-25 13:00:00,0.261,59.973,117.722,41.736,0
2024-01-25 14:00:00,0.262,58.264,74.427,55.757,0
2024-01-25 15:00:00,0.713,71.817,98.681,53.926,0
2024-01-25 16:00:00,0.261,78.019,70.487,57.385,0
2024-01-25 17:00:00,0.609,61.102,99.75,41.295,0
2024-01-25 18:00:00,0.44,60.531,75.609,56.87,0
2024-01-25 19:00:00,0.182,84.898,84.06,53.326,0
2024-01-25 20:00:00,0.773,61.719,86.719,61.492,0
2024-01-25 21:00:00,0.249,66.444,119.061,52.599,0
2024-01-25 22:00:00,0.603,84.742,80.727,43.676,0
2024-01-25 23:00:00,0.199,81.826,91.641,48.402,0
2024-01-26 00:00:00,0.626,59.73,100.67,59.07,0
2024-01-26 01:00:00,0.467,68.89,136.703,40.22,1
2024-01-26 02:00:00,0.439,57.067,74.361,35.794,1
2024-01-26 03:00:00,0.269,77.578,108.899,59.567,0
2024-01-26 04:00:00,0.642,82.373,99.636,41.687,0
2024-01-26 05:00:00,0.789,62.768,138.466,35.766,1
2024-01-26 06:00:00,0.477,69.91,112.345,41.213,0
2024-01-26 07:00:00,0.862,57.931,80.104,51.003,1
2024-01-26 08:00:00,0.21,72.719,111.086,58.56,0
2024-01-26 09:00:00,0.787,84.912,109.771,50.853,1
2024-01-26 10:00:00,0.381,71.461,90.803,62.612,0
2024-01-26 11:00:00,0.6,74.013,102.155,50.285,0
2024-01-26 12:00:00,0.809,82.731,108.815,53.159,0
2024-01-26 13:00:00,0.259,73.633,89.221,36.774,1
2024-01-26 14:00:00,0.589,69.72,130.731,56.886,1
2024-01-26 15:00:00,0.607,62.15,103.28,53.61,0
2024-01-26 16:00:00,0.335,56.446,117.572,41.097,0
2024-01-26 17:00:00,0.753,81.149,100.032,63.346,0
2024-01-26 18:00:00,0.877,82.383,128.845,42.283,1
2024-01-26 19:00:00,0.377,55.567,88.771,55.587,0
2024-01-26 20:00:00,0.577,77.163,111.843,62.717,0
2024-01-26 21:00:00,0.794,65.437,103.694,53.092,0
2024-01-26 22:00:00,0.523,63.065,112.365,43.554,0
2024-01-26 23:00:00,0.272,58.897,98.961,40.402,0
2024-01-27 00:00:00,0.405,80.866,136.113,40.478,1
2024-01-27 01:00:00,0.794,57.805,110.123,51.658,0
2024-01-27 02:00:00,0.321,84.246,70.241,65.213,0
2024-01-27 03:00:00,0.635,81.486,88.137,51.611,0
2024-01-27 04:00:00,0.412,79.517,130.74,35.65,1
2024-01-27 05:00:00,0.228,61.158,133.504,59.126,1
2024-01-27 06:00:00,0.743,82.954,119.722,59.362,0
2024-01-27 07:00:00,0.672,55.876,108.258,62.579,0
2024-01-27 08:00:00,0.45,63.065,103.34,37.33,1
2024-01-27 09:00:00,0.587,85.48,96.686,58.348,0
2024-01-27 10:00:00,0.612,62.42,114.95,35.901,1
2024-01-27 11:00:00,0.711,56.961,99.496,37.918,1
2024-01-27 12:00:00,0.518,64.023,122.485,38.97,1
2024-01-27 13:00:00,0.498,73.986,131.658,40.474,1
2024-01-27 14:00:00,0.486,73.322,127.861,60.827,1
2024-01-27 15:00:00,0.179,61.081,83.349,61.768,0
2024-01-27 16:00:00,0.581,55.447,105.743,49.494,0
2024-01-27 17:00:00,0.337,77.32,132.268,39.171,1
2024-01-27 18:00:00,0.862,68.627,93.349,35.816,1
2024-01-27 19:00:00,0.629,67.918,117.361,52.145,0
2024-01-27 20:00:00,0.518,69.866,114.862,56.223,0
2024-01-27 21:00:00,0.642,55.744,132.267,53.036,1
2024-01-27 22:00:00,0.325,56.127,73.647,53.829,0
2024-01-27 23:00:00,0.571,67.654,115.795,42.892,0
2024-01-28 00:00:00,0.575,55.55,89.707,55.749,0
2024-01-28 01:00:00,0.491,68.048,88.95,44.931,0
2024-01-28 02:00:00,0.566,56.318,125.45,62.931,1
2024-01-28 03:00:00,0.525,83.476,116.717,39.516,1
2024-01-28 04:00:00,0.264,81.804,127.504,53.352,1
2024-01-28 05:00:00,0.239,72.96,135.541,61.975,1
2024-01-28 06:00:00,0.183,84.679,79.432,49.503,0
2024-01-28 07:00:00,0.666,65.208,129.4,40.553,1
2024-01-28 08:00:00,0.622,77.945,80.966,61.12,0
2024-01-28 09:00:00,0.441,77.145,102.011,63.24,0
2024-01-28 10:00:00,0.877,58.889,76.038,44.059,1
2024-01-28 11:00:00,0.641,84.135,73.024,50.801,0
2024-01-28 12:00:00,0.728,55.958,86.529,51.188,0
2024-01-28 13:00:00,0.524,80.525,116.168,42.5,0
2024-01-28 14:00:00,0.201,65.815,72.567,54.255,0
2024-01-28 15:00:00,0.443,64.653,74.76,40.715,0
2024-01-28 16:00:00,0.751,73.578,99.958,52.822,0
2024-01-28 17:00:00,0.231,80.633,74.01,47.568,0
2024-01-28 18:00:00,0.21,79.776,77.22,54.936,0
2024-01-28 19:00:00,0.593,77.869,96.464,39.165,1
2024-01-28 20:00:00,0.208,59.56,105.237,44.694,0
2024-01-28 21:00:00,0.527,75.626,108.29,54.554,0
2024-01-28 22:00:00,0.21,74.17,99.401,40.982,0
2024-01-28 23:00:00,0.564,85.429,107.68,45.816,0
2024-01-29 00:00:00,0.239,78.964,132.756,56.698,1
2024-01-29 01:00:00,0.39,58.946,82.16,55.649,0
2024-01-29 02:00:00,0.778,60.79,121.418,36.875,1
2024-01-29 03:00:00,0.508,67.507,100.275,56.094,0
2024-01-29 04:00:00,0.834,72.167,137.575,62.14,1
2024-01-29 05:00:00,0.598,78.898,135.771,60.782,1
2024-01-29 06:00:00,0.66,71.221,135.966,36.488,1
2024-01-29 07:00:00,0.704,72.75,91.091,45.834,0
2024-01-29 08:00:00,0.419,69.703,119.972,48.272,0
2024-01-29 09:00:00,0.233,73.472,101.807,42.499,0
2024-01-29 10:00:00,0.835,69.767,125.368,49.786,1
2024-01-29 11:00:00,0.262,55.486,90.648,40.044,0
2024-01-29 12:00:00,0.421,84.72,70.401,47.409,0
2024-01-29 13:00:00,0.79,59.116,90.627,35.563,1
2024-01-29 14:00:00,0.736,80.546,97.581,60.501,0
2024-01-29 15:00:00,0.283,85.084,136.306,65.409,1
2024-01-29 16:00:00,0.772,65.395,72.042,63.982,0
2024-01-29 17:00:00,0.289,74.332,111.157,60.129,0
2024-01-29 18:00:00,0.341,73.857,74.768,37.127,1
2024-01-29 19:00:00,0.414,82.774,133.72,58.849,1
2024-01-29 20:00:00,0.8,83.384,87.983,44.647,0
2024-01-29 21:00:00,0.659,73.774,83.76,44.685,0
2024-01-29 22:00:00,0.583,75.856,129.435,65.256,1
2024-01-29 23:00:00,0.679,77.354,125.53,65.075,1
2024-01-30 00:00:00,0.415,55.842,125.678,43.899,1
2024-01-30 01:00:00,0.741,73.557,108.896,56.721,0
2024-01-30 02:00:00,0.331,69.802,81.311,61.18,0
2024-01-30 03:00:00,0.343,57.191,126.67,44.25,1
2024-01-30 04:00:00,0.67,84.715,132.953,41.576,1
2024-01-30 05:00:00,0.698,75.446,75.762,60.197,0
2024-01-30 06:00:00,0.301,81.37,84.744,45.917,0
2024-01-30 07:00:00,0.753,83.443,99.353,65.492,0
2024-01-30 08:00:00,0.465,70.961,105.53,35.494,1
2024-01-30 09:00:00,0.466,67.96,111.9,39.954,1
2024-01-30 10:00:00,0.206,68.978,97.578,47.327,0
2024-01-30 11:00:00,0.594,71.374,93.013,51.804,0
2024-01-30 12:00:00,0.344,68.462,69.855,40.032,0
2024-01-30 13:00:00,0.636,58.302,89.964,54.254,0
2024-01-30 14:00:00,0.749,64.587,76.56,40.583,0
2024-01-30 15:00:00,0.203,59.288,124.327,48.112,1
2024-01-30 16:00:00,0.258,62.22,73.946,37.532,1
2024-01-30 17:00:00,0.701,66.969,100.625,61.037,0
2024-01-30 18:00:00,0.394,81.498,88.319,54.502,0
2024-01-30 19:00:00,0.546,78.963,72.895,37.721,1
2024-01-30 20:00:00,0.354,72.694,72.875,58.393,0
2024-01-30 21:00:00,0.337,82.112,95.267,59.15,0
2024-01-30 22:00:00,0.192,68.668,70.738,41.009,0
2024-01-30 23:00:00,0.339,78.488,94.985,38.722,1
2024-01-31 00:00:00,0.337,78.108,134.648,45.855,1
2024-01-31 01:00:00,0.387,58.879,87.952,52.025,0
2024-01-31 02:00:00,0.789,65.242,124.269,59.798,1
2024-01-31 03:00:00,0.415,67.648,85.27,59.004,0
2024-01-31 04:00:00,0.25,75.413,86.018,53.187,0
2024-01-31 05:00:00,0.65,79.698,128.635,60.938,1
2024-01-31 06:00:00,0.317,81.971,83.766,59.485,0
2024-01-31 07:00:00,0.841,84.472,76.251,55.005,1
2024-01-31 08:00:00,0.454,81.591,95.056,44.409,0
2024-01-31 09:00:00,0.518,68.593,116.847,41.954,0
2024-01-31 10:00:00,0.666,59.356,104.753,59.615,0
2024-01-31 11:00:00,0.623,69.612,86.209,38.722,1
2024-01-31 12:00:00,0.24,67.661,108.767,36.508,1
2024-01-31 13:00:00,0.782,61.388,78.087,62.864,0
2024-01-31 14:00:00,0.388,70.916,84.009,62.765,0
2024-01-31 15:00:00,0.658,81.29,130.527,51.41,1
2024-01-31 16:00:00,0.713,83.614,77.967,41.296,0
2024-01-31 17:00:00,0.196,74.099,78.591,58.7,0
2024-01-31 18:00:00,0.659,85.932,71.497,48.01,0
2024-01-31 19:00:00,0.3,62.088,139.099,55.527,1
2024-01-31 20:00:00,0.385,77.583,105.37,51.37,0
2024-01-31 21:00:00,0.608,62.125,88.103,48.428,0
2024-01-31 22:00:00,0.231,57.896,81.744,64.894,0
2024-01-31 23:00:00,0.344,65.431,127.003,40.028,1
2024-02-01 00:00:00,0.495,69.466,136.655,57.731,1
2024-02-01 01:00:00,0.667,80.243,72.213,57.09,0
2024-02-01 02:00:00,0.364,60.903,100.229,58.175,0
2024-02-01 03:00:00,0.791,65.104,114.725,45.247,0
2024-02-01 04:00:00,0.425,80.06,124.513,38.691,1
2024-02-01 05:00:00,0.36,56.373,108.279,35.879,1
2024-02-01 06:00:00,0.722,84.38,125.444,65.03,1
2024-02-01 07:00:00,0.595,67.448,123.659,61.575,1
2024-02-01 08:00:00,0.835,61.909,85.471,62.956,1
2024-02-01 09:00:00,0.281,61.334,101.762,47.085,0
2024-02-01 10:00:00,0.531,66.817,70.266,63.093,0
2024-02-01 11:00:00,0.752,82.671,90.917,37.353,1
2024-02-01 12:00:00,0.463,82.554,125.43,39.513,1
2024-02-01 13:00:00,0.881,82.564,92.332,60.548,1
2024-02-01 14:00:00,0.809,68.784,85.187,58.196,1
2024-02-01 15:00:00,0.289,72.725,114.915,60.169,0
2024-02-01 16:00:00,0.311,65.398,130.864,45.947,1
2024-02-01 17:00:00,0.22,66.219,111.684,62.533,0
2024-02-01 18:00:00,0.828,85.479,128.033,40.235,1
2024-02-01 19:00:00,0.86,72.367,76.942,36.521,1
2024-02-01 20:00:00,0.376,82.853,138.107,46.113,1
2024-02-01 21:00:00,0.791,84.307,88.447,51.63,0
2024-02-01 22:00:00,0.319,77.885,93.286,52.062,0
2024-02-01 23:00:00,0.788,69.714,95.538,39.424,1
2024-02-02 00:00:00,0.255,70.521,94.142,62.903,0
2024-02-02 01:00:00,0.335,58.658,127.274,42.565,1
2024-02-02 02:00:00,0.225,68.514,95.012,40.363,0
2024-02-02 03:00:00,0.258,75.747,90.797,52.215,0
2024-02-02 04:00:00,0.86,59.646,124.89,40.011,1
2024-02-02 05:00:00,0.588,62.207,124.51,35.524,1
2024-02-02 06:00:00,0.538,78.008,98.073,59.08,0
2024-02-02 07:00:00,0.822,57.187,106.334,64.806,1
2024-02-02 08:00:00,0.597,77.392,115.698,37.388,1
2024-02-02 09:00:00,0.295,56.436,81.033,43.945,0
2024-02-02 10:00:00,0.267,75.809,71.455,38.827,1
2024-02-02 11:00:00,0.249,71.526,105.53,42.515,0
2024-02-02 12:00:00,0.51,73.706,76.279,42.406,0
2024-02-02 13:00:00,0.191,59.278,70.294,57.402,0
2024-02-02 14:00:00,0.632,63.761,137.35,53.578,1
2024-02-02 15:00:00,0.696,73.485,72.32,59.921,0
2024-02-02 16:00:00,0.806,79.755,115.232,43.535,0
2024-02-02 17:00:00,0.807,60.262,82.115,49.398,0
2024-02-02 18:00:00,0.553,71.692,75.96,53.499,0
2024-02-02 19:00:00,0.854,65.722,100.005,61.735,1
2024-02-02 20:00:00,0.45,65.718,72.65,57.354,0
2024-02-02 21:00:00,0.381,70.715,107.019,59.411,0
2024-02-02 22:00:00,0.491,71.172,118.233,39.936,1
2024-02-02 23:00:00,0.305,77.514,132.04,41.725,1
2024-02-03 00:00:00,0.382,77.776,88.444,59.028,0
2024-02-03 01:00:00,0.351,70.971,127.454,55.875,1
2024-02-03 02:00:00,0.419,66.704,105.044,54.706,0
2024-02-03 03:00:00,0.461,66.284,136.114,45.538,1
2024-02-03 04:00:00,0.417,74.539,124.535,59.267,1
2024-02-03 05:00:00,0.784,62.869,133.197,43.689,1
2024-02-03 06:00:00,0.607,57.926,100.911,54.344,0
2024-02-03 07:00:00,0.42,58.276,99.843,51.441,0
2024-02-03 08:00:00,0.289,74.679,110.127,55.342,0
2024-02-03 09:00:00,0.397,57.312,89.562,66.18,0
2024-02-03 10:00:00,0.866,75.819,94.49,44.247,1
2024-02-03 11:00:00,0.318,78.652,91.302,63.307,0
2024-02-03 12:00:00,0.392,83.718,85.733,62.211,0
2024-02-03 13:00:00,0.182,69.218,136.892,52.427,1
2024-02-03 14:00:00,0.773,74.624,116.933,57.4,0
2024-02-03 15:00:00,0.7,67.794,84.997,57.502,0
2024-02-03 16:00:00,0.594,65.046,92.758,48.014,0
2024-02-03 17:00:00,0.521,73.841,84.788,40.46,0
2024-02-03 18:00:00,0.549,56.995,94.357,60.404,0
2024-02-03 19:00:00,0.883,77.76,121.446,47.115,1
2024-02-03 20:00:00,0.777,67.878,130.982,50.985,1
2024-02-03 21:00:00,0.829,57.637,126.777,37.567,1
2024-02-03 22:00:00,0.268,55.583,84.894,54.339,0
2024-02-03 23:00:00,0.659,65.035,137.421,43.568,1
2024-02-04 00:00:00,0.342,84.796,89.143,46.122,0
2024-02-04 01:00:00,0.592,66.899,129.08,52.405,1
2024-02-04 02:00:00,0.423,60.533,70.304,51.348,0
2024-02-04 03:00:00,0.43,72.506,102.916,45.066,0
2024-02-04 04:00:00,0.631,68.276,125.174,54.432,1
2024-02-04 05:00:00,0.871,76.818,115.79,46.651,1
2024-02-04 06:00:00,0.605,68.401,97.069,62.112,0
2024-02-04 07:00:00,0.537,69.263,93.324,41.114,0
2024-02-04 08:00:00,0.431,76.182,108.872,49.102,0
2024-02-04 09:00:00,0.536,56.46,133.047,51.307,1
2024-02-04 10:00:00,0.329,69.772,129.195,56.599,1
2024-02-04 11:00:00,0.824,68.787,77.242,56.797,1
2024-02-04 12:00:00,0.653,68.527,111.739,45.498,0
2024-02-04 13:00:00,0.439,85.365,77.273,64.204,0
2024-02-04 14:00:00,0.331,61.772,86.457,54.003,0
2024-02-04 15:00:00,0.866,82.271,126.65,36.787,1
2024-02-04 16:00:00,0.318,69.297,80.218,47.964,0
2024-02-04 17:00:00,0.878,85.513,96.51,49.208,1
2024-02-04 18:00:00,0.765,73.803,110.135,53.752,0
2024-02-04 19:00:00,0.76,82.517,89.006,47.187,0
2024-02-04 20:00:00,0.435,68.133,75.003,61.271,0
2024-02-04 21:00:00,0.629,81.683,104.348,49.365,0
2024-02-04 22:00:00,0.776,70.74,109.372,37.249,1
2024-02-04 23:00:00,0.88,85.08,82.423,49.262,1
2024-02-05 00:00:00,0.799,73.858,89.044,53.811,0
2024-02-05 01:00:00,0.461,79.287,123.306,65.344,1
2024-02-05 02:00:00,0.565,61.886,126.435,38.042,1
2024-02-05 03:00:00,0.707,64.409,71.42,50.246,0
2024-02-05 04:00:00,0.857,61.06,81.476,60.707,1
2024-02-05 05:00:00,0.831,55.754,116.483,54.956,1
2024-02-05 06:00:00,0.884,68.273,109.875,55.964,1
2024-02-05 07:00:00,0.514,79.567,90.311,60.615,0
2024-02-05 08:00:00,0.878,65.563,114.5,55.032,1
2024-02-05 09:00:00,0.854,85.781,102.633,61.945,1
2024-02-05 10:00:00,0.567,67.809,95.726,36.772,1
2024-02-05 11:00:00,0.606,80.282,133.749,46.706,1
2024-02-05 12:00:00,0.488,59.483,129.096,60.911,1
2024-02-05 13:00:00,0.238,62.033,89.006,41.465,0
2024-02-05 14:00:00,0.183,56.809,126.686,63.488,1
2024-02-05 15:00:00,0.713,69.922,95.188,47.326,0
2024-02-05 16:00:00,0.532,61.12,71.607,54.286,0
2024-02-05 17:00:00,0.458,62.024,81.936,36.91,1
2024-02-05 18:00:00,0.75,79.826,81.726,45.389,0
2024-02-05 19:00:00,0.341,80.867,107.541,37.122,1
2024-02-05 20:00:00,0.356,59.657,105.509,48.932,0
2024-02-05 21:00:00,0.632,82.526,110.815,59.906,0
2024-02-05 22:00:00,0.509,69.294,111.416,40.013,0
2024-02-05 23:00:00,0.19,80.73,91.034,51.614,0
2024-02-06 00:00:00,0.636,81.172,135.675,54.302,1
2024-02-06 01:00:00,0.552,55.742,137.807,54.202,1
2024-02-06 02:00:00,0.763,85.308,124.275,42.26,1
2024-02-06 03:00:00,0.734,68.214,106.679,44.951,0
2024-02-06 04:00:00,0.242,84.262,79.365,53.254,0
2024-02-06 05:00:00,0.192,80.032,95.026,57.136,0
2024-02-06 06:00:00,0.529,79.588,108.413,52.701,0
2024-02-06 07:00:00,0.252,58.987,85.289,60.317,0
2024-02-06 08:00:00,0.813,57.745,133.298,38.998,1
2024-02-06 09:00:00,0.459,75.099,87.849,49.553,0
2024-02-06 10:00:00,0.828,80.606,97.126,55.579,1
2024-02-06 11:00:00,0.43,74.316,124.644,53.079,1
2024-02-06 12:00:00,0.697,58.586,117.989,60.912,0
2024-02-06 13:00:00,0.225,74.057,108.961,44.378,0
2024-02-06 14:00:00,0.697,74.235,80.709,38.116,1
2024-02-06 15:00:00,0.769,75.611,72.232,64.18,0
2024-02-06 16:00:00,0.593,83.572,119.113,64.878,0
2024-02-06 17:00:00,0.67,57.67,129.118,62.341,1
2024-02-06 18:00:00,0.837,67.956,119.553,44.998,1
2024-02-06 19:00:00,0.344,66.775,101.424,40.44,0
2024-02-06 20:00:00,0.676,64.378,96.561,46.113,0
2024-02-06 21:00:00,0.604,67.295,105.814,49.001,0
2024-02-06 22:00:00,0.21,74.553,91.577,47.494,0
2024-02-06 23:00:00,0.79,78.111,94.222,55.373,0
2024-02-07 00:00:00,0.761,56.204,107.357,44.066,0
2024-02-07 01:00:00,0.633,74.25,137.375,56.29,1
2024-02-07 02:00:00,0.186,81.654,79.899,61.126,0
2024-02-07 03:00:00,0.498,70.595,98.828,51.69,0
2024-02-07 04:00:00,0.584,79.243,79.628,56.327,0
2024-02-07 05:00:00,0.258,62.026,123.892,45.228,1
2024-02-07 06:00:00,0.683,63.085,88.866,49.925,0
2024-02-07 07:00:00,0.793,64.07,75.127,48.281,0
2024-02-07 08:00:00,0.592,70.897,132.829,41.373,1
2024-02-07 09:00:00,0.815,63.137,97.534,43.012,0
2024-02-07 10:00:00,0.862,70.149,110.441,53.034,1
2024-02-07 11:00:00,0.624,59.624,100.56,61.189,0
2024-02-07 12:00:00,0.423,81.637,73.49,65.376,0
2024-02-07 13:00:00,0.303,69.722,124.886,41.483,1
2024-02-07 14:00:00,0.32,64.833,128.174,44.744,1
2024-02-07 15:00:00,0.798,78.697,84.946,61.941,1
2024-02-07 16:00:00,0.623,59.632,101.293,64.611,0
2024-02-07 17:00:00,0.748,71.94,132.569,62.168,1
2024-02-07 18:00:00,0.608,73.088,130.073,44.916,1
2024-02-07 19:00:00,0.387,79.576,113.345,47.456,0
2024-02-07 20:00:00,0.835,68.246,87.134,55.526,1
2024-02-07 21:00:00,0.755,62.95,90.955,44.1,0
2024-02-07 22:00:00,0.815,78.509,95.437,54.6,0
2024-02-07 23:00:00,0.377,72.625,95.403,64.936,0
2024-02-08 00:00:00,0.406,70.32,116.694,40.682,0
2024-02-08 01:00:00,0.608,74.695,124.851,45.215,1
2024-02-08 02:00:00,0.798,57.659,80.813,64.742,1
2024-02-08 03:00:00,0.648,66.34,119.729,55.529,0
2024-02-08 04:00:00,0.241,79.921,112.481,57.394,0
2024-02-08 05:00:00,0.616,66.739,110.701,37.514,1
2024-02-08 06:00:00,0.459,57.168,128.178,42.546,1
2024-02-08 07:00:00,0.595,79.509,109.898,63.316,0
2024-02-08 08:00:00,0.757,81.824,135.104,60.6,1
2024-02-08 09:00:00,0.319,69.999,120.481,42.896,1
2024-02-08 10:00:00,0.707,67.79,85.738,40.571,0
2024-02-08 11:00:00,0.311,60.245,108.353,43.678,0
2024-02-08 12:00:00,0.566,65.053,87.938,54.684,0
2024-02-08 13:00:00,0.49,76.906,109.353,46.443,0
2024-02-08 14:00:00,0.415,62.032,86.547,60.722,0
2024-02-08 15:00:00,0.402,68.524,100.069,42.557,0
2024-02-08 16:00:00,0.678,59.931,102.719,42.096,0
2024-02-08 17:00:00,0.817,61.452,132.209,65.945,1
2024-02-08 18:00:00,0.591,66.251,99.675,59.863,0
2024-02-08 19:00:00,0.448,62.082,98.264,54.935,0
2024-02-08 20:00:00,0.331,82.146,107.679,66.175,0
2024-02-08 21:00:00,0.746,56.988,115.027,59.59,0
2024-02-08 22:00:00,0.593,67.26,115.445,55.664,0
2024-02-08 23:00:00,0.655,82.569,114.666,38.703,1
2024-02-09 00:00:00,0.598,60.551,135.316,53.381,1
2024-02-09 01:00:00,0.596,58.539,113.743,50.003,0
2024-02-09 02:00:00,0.623,60.992,126.787,53.923,1
2024-02-09 03:00:00,0.734,56.803,95.511,37.963,1
2024-02-09 04:00:00,0.191,60.815,82.341,50.601,0
2024-02-09 05:00:00,0.451,66.903,134.094,53.948,1
2024-02-09 06:00:00,0.82,65.461,78.464,42.945,0
2024-02-09 07:00:00,0.738,72.003,100.826,47.699,0
2024-02-09 08:00:00,0.511,59.57,93.045,45.895,0
2024-02-09 09:00:00,0.769,69.176,71.488,59.217,0
2024-02-09 10:00:00,0.319,67.221,94.618,51.562,0
2024-02-09 11:00:00,0.587,80.937,115.8,36.436,1
2024-02-09 12:00:00,0.548,82.886,70.215,61.102,0
2024-02-09 13:00:00,0.599,80.27,109.371,40.083,0
2024-02-09 14:00:00,0.65,67.881,128.201,63.741,1
2024-02-09 15:00:00,0.502,60.187,109.722,44.839,0
2024-02-09 16:00:00,0.183,78.792,105.288,60.147,0
2024-02-09 17:00:00,0.694,84.323,120.663,39.398,1
2024-02-09 18:00:00,0.19,83.269,120.282,45.663,1
2024-02-09 19:00:00,0.781,64.543,130.241,53.258,1
2024-02-09 20:00:00,0.639,79.025,92.892,57.836,0
2024-02-09 21:00:00,0.606,57.325,87.988,42.003,0
2024-02-09 22:00:00,0.491,67.347,100.129,57.478,0
2024-02-09 23:00:00,0.756,76.125,78.793,55.424,0
2024-02-10 00:00:00,0.662,60.681,138.735,48.702,1
2024-02-10 01:00:00,0.874,83.337,106.457,50.767,1
2024-02-10 02:00:00,0.629,84.623,85.807,53.437,0
2024-02-10 03:00:00,0.332,59.778,77.954,51.66,0
2024-02-10 04:00:00,0.355,76.479,96.587,40.958,0
2024-02-10 05:00:00,0.628,62.189,72.881,45.716,0
2024-02-10 06:00:00,0.721,66.315,87.567,35.974,1
2024-02-10 07:00:00,0.273,80.912,127.103,42.097,1
2024-02-10 08:00:00,0.768,79.116,117.27,61.769,0
2024-02-10 09:00:00,0.814,64.744,70.995,38.853,1
2024-02-10 10:00:00,0.219,85.708,129.516,46.45,1
2024-02-10 11:00:00,0.226,73.249,137.587,62.127,1
2024-02-10 12:00:00,0.851,71.408,125.101,58.695,1
2024-02-10 13:00:00,0.52,83.588,123.38,57.771,1
2024-02-10 14:00:00,0.613,61.421,137.325,62.568,1
2024-02-10 15:00:00,0.415,85.326,137.268,35.524,1
2024-02-10 16:00:00,0.229,58.243,90.161,44.269,0
2024-02-10 17:00:00,0.612,64.284,135.408,64.985,1
2024-02-10 18:00:00,0.708,67.533,117.8,56.875,0
2024-02-10 19:00:00,0.444,80.548,72.543,47.396,0
2024-02-10 20:00:00,0.738,67.015,108.173,38.077,1
2024-02-10 21:00:00,0.736,66.492,77.452,43.716,0
2024-02-10 22:00:00,0.882,68.976,93.92,43.693,1
2024-02-10 23:00:00,0.198,70.257,71.771,60.846,0
2024-02-11 00:00:00,0.281,59.261,93.669,37.297,1
2024-02-11 01:00:00,0.607,70.154,85.109,45.676,0
2024-02-11 02:00:00,0.261,70.422,117.585,53.232,0
2024-02-11 03:00:00,0.333,77.771,135.289,35.771,1
2024-02-11 04:00:00,0.428,79.01,101.849,51.259,0
2024-02-11 05:00:00,0.384,70.16,128.611,36.885,1
2024-02-11 06:00:00,0.35,64.59,103.081,64.374,0
2024-02-11 07:00:00,0.371,63.882,108.907,42.556,0
2024-02-11 08:00:00,0.299,75.874,128.359,53.557,1
2024-02-11 09:00:00,0.831,62.601,89.021,35.73,1
2024-02-11 10:00:00,0.693,64.767,117.506,47.733,0
2024-02-11 11:00:00,0.533,72.756,118.854,35.856,1
2024-02-11 12:00:00,0.315,79.93,128.018,63.527,1
2024-02-11 13:00:00,0.51,59.065,125.985,35.884,1
2024-02-11 14:00:00,0.67,62.169,138.342,49.259,1
2024-02-11 15:00:00,0.691,79.196,131.155,48.837,1
